구분,운수사명,운수사ID,이비노선ID,표준노선ID,노선명
경기시내,경원여객M,2805000,216000044,28050900,M6410
경기시내,강화운수,4100100,232000028,41001001,2
경기시내,강화운수,4100100,232000029,41001013,88
경기시내,강화운수,4100100,232000061,41001020,3000
경기시내,강화운수,4100100,232000067,41001024,388
경기시내,강화운수,4100100,232000087,41001027,3
경기시내,강화운수,4100100,232000088,41001026,3-1
경기시내,강화운수,4100100,232000091,41001028,2000
경기시내,강화운수,4100100,232000093,41001029,3000A
경기시내,경기고속,4100200,221000005,41002328,36-11
경기시내,경기고속,4100200,222000105,41002904,M2316
경기시내,경기고속,4100200,230000087,41003632,22-6
경기시내,경기고속,4100200,230000088,41002280,24-1
경기시내,경기고속,4100200,230000097,41002163,25-6
경기시내,경기고속,4100200,230000100,41002286,28-21
경기시내,경기고속,4100200,230000101,41002414,20-1
경기시내,경기고속,4100200,230000106,41003269,20-31
경기시내,경기고속,4100200,230000110,41003641,22-23
경기시내,경기고속,4100200,230000112,41002492,20-22
경기시내,경기고속,4100200,230000116,41002187,20-5
경기시내,경기고속,4100200,230000117,41002271,20-9
경기시내,경기고속,4100200,230000120,41002193,29
경기시내,경기고속,4100200,230000122,41003104,25-1
경기시내,경기고속,4100200,230000123,41003644,28-70
경기시내,경기고속,4100200,230000127,41002266,21-2
경기시내,경기고속,4100200,230000128,41002265,21-1
경기시내,경기고속,4100200,230000130,41003629,24-3
경기시내,경기고속,4100200,230000131,41002419,29-10
경기시내,경기고속,4100200,230000132,41002418,24-11
경기시내,경기고속,4100200,230000142,41002501,28-82
경기시내,경기고속,4100200,230000143,41002493,20-51
경기시내,경기고속,4100200,230000144,41002461,20-61
경기시내,경기고속,4100200,230000176,41002261,20-52
경기시내,경기고속,4100200,230000177,41002267,21-17
경기시내,경기고속,4100200,230000178,41002274,21-81
경기시내,경기고속,4100200,234000001,41002029,5500-1
경기시내,경기고속,4100200,234000002,41002023,9000
경기시내,경기고속,4100200,234000003,41002004,30
경기시내,경기고속,4100200,234000012,41002003,17
경기시내,경기고속,4100200,234000021,41002044,700-2
경기시내,경기고속,4100200,234000024,41002045,720-1
경기시내,경기고속,4100200,234000026,41002046,720-2
경기시내,경기고속,4100200,234000028,41002049,10-5
경기시내,경기고속,4100200,234000035,41003037,15
경기시내,경기고속,4100200,234000036,41002005,112
경기시내,경기고속,4100200,234000037,41002006,116
경기시내,경기고속,4100200,234000040,41002007,119
경기시내,경기고속,4100200,234000047,41002014,720
경기시내,경기고속,4100200,234000051,41002021,3500
경기시내,경기고속,4100200,234000057,41002027,31-3
경기시내,경기고속,4100200,234000059,41002197,1
경기시내,경기고속,4100200,234000061,41002038,116-1
경기시내,경기고속,4100200,234000065,41002089,1005
경기시내,경기고속,4100200,234000068,41002090,720-3
경기시내,경기고속,4100200,234000072,41003276,13
경기시내,경기고속,4100200,234000075,41003033,500-2
경기시내,경기고속,4100200,234000077,41003034,500-5
경기시내,경기고속,4100200,234000078,41003277,111
경기시내,경기고속,4100200,234000130,41002093,1303
경기시내,경기고속,4100200,234000132,41002202,2-2
경기시내,경기고속,4100200,234000150,41002167,2-1
경기시내,경기고속,4100200,234000213,41003126,2
경기시내,경기고속,4100200,234000360,41002148,988-1
경기시내,경기고속,4100200,234000367,41002153,989-2
경기시내,경기고속,4100200,234000415,41002176,982
경기시내,경기고속,4100200,234000435,41002114,21-31
경기시내,경기고속,4100200,234000436,41002302,21-3
경기시내,경기고속,4100200,234000438,41002115,23-81
경기시내,경기고속,4100200,234000441,41002626,20-54
경기시내,경기고속,4100200,234000446,41002627,10
경기시내,경기고속,4100200,234000448,41003626,28-1
경기시내,경기고속,4100200,234000449,41003262,28-2
경기시내,경기고속,4100200,234000451,41003263,28-3
경기시내,경기고속,4100200,234000452,41003264,28-4
경기시내,경기고속,4100200,234000453,41002411,28-41
경기시내,경기고속,4100200,234000454,41003266,28-51
경기시내,경기고속,4100200,234000455,41003265,28-6
경기시내,경기고속,4100200,234000456,41003635,28-7
경기시내,경기고속,4100200,234000457,41003628,20-3
경기시내,경기고속,4100200,234000458,41002287,28-8
경기시내,경기고속,4100200,234000459,41003258,28-9
경기시내,경기고속,4100200,234000460,41002001,28-56
경기시내,경기고속,4100200,234000461,41003273,20-4
경기시내,경기고속,4100200,234000462,41003636,23-8
경기시내,경기고속,4100200,234000463,41002132,23-9
경기시내,경기고속,4100200,234000466,41002104,24-4
경기시내,경기고속,4100200,234000468,41003630,21-4
경기시내,경기고속,4100200,234000469,41003247,24-7
경기시내,경기고속,4100200,234000470,41002030,21
경기시내,경기고속,4100200,234000472,41002156,24-31
경기시내,경기고속,4100200,234000473,41002288,29-1
경기시내,경기고속,4100200,234000476,41003631,24-5
경기시내,경기고속,4100200,234000477,41003270,29-3
경기시내,경기고속,4100200,234000478,41002113,29-2
경기시내,경기고속,4100200,234000480,41002189,29-4
경기시내,경기고속,4100200,234000481,41002165,21-12
경기시내,경기고속,4100200,234000482,41002141,21-11
경기시내,경기고속,4100200,234000489,41002290,36-2
경기시내,경기고속,4100200,234000495,41003516,36-4
경기시내,경기고속,4100200,234000505,41002270,15-1
경기시내,경기고속,4100200,234000553,41003440,35-1
경기시내,경기고속,4100200,234000556,41003443,35-3
경기시내,경기고속,4100200,234000586,41003653,35-5
경기시내,경기고속,4100200,234000691,41002191,984
경기시내,경기고속,4100200,234000693,41002195,984-1
경기시내,경기고속,4100200,234000751,41003267,28-5
경기시내,경기고속,4100200,234000753,41003250,20-2
경기시내,경기고속,4100200,234000754,41002273,22-12
경기시내,경기고속,4100200,234000755,41003252,22-1
경기시내,경기고속,4100200,234000756,41003255,22-3
경기시내,경기고속,4100200,234000757,41003256,22-4
경기시내,경기고속,4100200,234000759,41002054,23
경기시내,경기고속,4100200,234000762,41002025,23-1
경기시내,경기고속,4100200,234000763,41002123,23-2
경기시내,경기고속,4100200,234000765,41002298,23-13
경기시내,경기고속,4100200,234000768,41002126,23-4
경기시내,경기고속,4100200,234000769,41002127,23-5
경기시내,경기고속,4100200,234000770,41002130,23-71
경기시내,경기고속,4100200,234000771,41002299,23-7
경기시내,경기고속,4100200,234000777,41003254,22-2
경기시내,경기고속,4100200,234000798,41003528,38-2
경기시내,경기고속,4100200,234000805,41003499,38
경기시내,경기고속,4100200,234000824,41003509,34-1
경기시내,경기고속,4100200,234000829,41003503,33-2
경기시내,경기고속,4100200,234000849,41002210,17-1
경기시내,경기고속,4100200,234000850,41002211,31-2
경기시내,경기고속,4100200,234000861,41002205,988-2
경기시내,경기고속,4100200,234000862,41002206,989-3
경기시내,경기고속,4100200,234000875,41002900,M4101
경기시내,경기고속,4100200,234000878,41002293,8100
경기시내,경기고속,4100200,234000882,41002296,1150
경기시내,경기고속,4100200,234000900,41003633,23-6
경기시내,경기고속,4100200,234000901,41003532,38-8
경기시내,경기고속,4100200,234000929,41003579,35-32
경기시내,경기고속,4100200,234000948,41003525,37-11
경기시내,경기고속,4100200,234000960,41003544,1-21
경기시내,경기고속,4100200,234000996,41002316,39-1
경기시내,경기고속,4100200,234000997,41002322,114-1
경기시내,경기고속,4100200,234000998,41002334,36-7
경기시내,경기고속,4100200,234000999,41002325,36
경기시내,경기고속,4100200,234001000,41002330,36-3
경기시내,경기고속,4100200,234001001,41002360,39-6
경기시내,경기고속,4100200,234001003,41002340,37-2
경기시내,경기고속,4100200,234001004,41002344,37-4
경기시내,경기고속,4100200,234001005,41002345,37-41
경기시내,경기고속,4100200,234001006,41002339,37-1
경기시내,경기고속,4100200,234001007,41002315,37-3
경기시내,경기고속,4100200,234001008,41002343,37-32
경기시내,경기고속,4100200,234001009,41002317,39-4
경기시내,경기고속,4100200,234001010,41002337,36-9
경기시내,경기고속,4100200,234001011,41002333,36-6
경기시내,경기고속,4100200,234001012,41002359,39-5
경기시내,경기고속,4100200,234001013,41002361,39-7
경기시내,경기고속,4100200,234001014,41002327,36-10
경기시내,경기고속,4100200,234001016,41002353,38-23
경기시내,경기고속,4100200,234001017,41002351,38-21
경기시내,경기고속,4100200,234001019,41002348,38-12
경기시내,경기고속,4100200,234001021,41002355,38-42
경기시내,경기고속,4100200,234001022,41002356,38-81
경기시내,경기고속,4100200,234001023,41002357,38-82
경기시내,경기고속,4100200,234001025,41002321,35-35
경기시내,경기고속,4100200,234001027,41002350,38-14
경기시내,경기고속,4100200,234001028,41002311,35-2
경기시내,경기고속,4100200,234001029,41002319,35-21
경기시내,경기고속,4100200,234001030,41002318,35
경기시내,경기고속,4100200,234001034,41003661,35-36
경기시내,경기고속,4100200,234001041,41002335,36-71
경기시내,경기고속,4100200,234001042,41002331,36-5
경기시내,경기고속,4100200,234001043,41002332,36-51
경기시내,경기고속,4100200,234001044,41002342,37-31
경기시내,경기고속,4100200,234001046,41002326,36-1
경기시내,경기고속,4100200,234001047,41002329,36-12
경기시내,경기고속,4100200,234001056,41002358,39-2
경기시내,경기고속,4100200,234001057,41002362,39-8
경기시내,경기고속,4100200,234001058,41002338,37
경기시내,경기고속,4100200,234001059,41002336,36-8
경기시내,경기고속,4100200,234001062,41002365,22-8
경기시내,경기고속,4100200,234001063,41002364,21-8
경기시내,경기고속,4100200,234001074,41002392,23-92
경기시내,경기고속,4100200,234001075,41002378,22-13
경기시내,경기고속,4100200,234001077,41002402,28-50
경기시내,경기고속,4100200,234001078,41002403,28-71
경기시내,경기고속,4100200,234001079,41002368,22-11
경기시내,경기고속,4100200,234001081,41002379,22-21
경기시내,경기고속,4100200,234001082,41002415,22-24
경기시내,경기고속,4100200,234001083,41002382,22-30
경기시내,경기고속,4100200,234001091,41002396,24-43
경기시내,경기고속,4100200,234001092,41002397,24-44
경기시내,경기고속,4100200,234001093,41002398,24-45
경기시내,경기고속,4100200,234001097,41002375,21-13
경기시내,경기고속,4100200,234001099,41002400,25-20
경기시내,경기고속,4100200,234001100,41002389,23-50
경기시내,경기고속,4100200,234001116,41002405,29-40
경기시내,경기고속,4100200,234001122,41002370,38-43
경기시내,경기고속,4100200,234001124,41002371,2-22
경기시내,경기고속,4100200,234001128,41003682,23-94
경기시내,경기고속,4100200,234001133,41002376,21-30
경기시내,경기고속,4100200,234001156,41002420,2-21
경기시내,경기고속,4100200,234001159,41002901,M4102
경기시내,경기고속,4100200,234001161,41002425,39-11
경기시내,경기고속,4100200,234001163,41002427,6501
경기시내,경기고속,4100200,234001166,41002429,36-72
경기시내,경기고속,4100200,234001168,41002435,24-46
경기시내,경기고속,4100200,234001174,41003707,28-30
경기시내,경기고속,4100200,234001178,41002441,28-31
경기시내,경기고속,4100200,234001179,41002442,28-40
경기시내,경기고속,4100200,234001180,41002443,28-42
경기시내,경기고속,4100200,234001182,41002445,28-53
경기시내,경기고속,4100200,234001185,41002446,28-90
경기시내,경기고속,4100200,234001186,41002447,28-91
경기시내,경기고속,4100200,234001187,41002476,29-12
경기시내,경기고속,4100200,234001188,41002450,29-22
경기시내,경기고속,4100200,234001191,41002452,29-41
경기시내,경기고속,4100200,234001194,41002451,29-31
경기시내,경기고속,4100200,234001196,41002430,20-11
경기시내,경기고속,4100200,234001197,41002431,20-12
경기시내,경기고속,4100200,234001200,41002432,20-21
경기시내,경기고속,4100200,234001201,41002457,29-95
경기시내,경기고속,4100200,234001202,41003681,21-14
경기시내,경기고속,4100200,234001206,41002459,20-33
경기시내,경기고속,4100200,234001209,41002465,23-12
경기시내,경기고속,4100200,234001220,41002460,20-6
경기시내,경기고속,4100200,234001223,41002474,28-72
경기시내,경기고속,4100200,234001230,41002470,21-10
경기시내,경기고속,4100200,234001233,41002478,730
경기시내,경기고속,4100200,234001236,41002801,8109
경기시내,경기고속,4100200,234001237,41002800,8106
경기시내,경기고속,4100200,234001238,41002479,2-26
경기시내,경기고속,4100200,234001239,41002480,1-20
경기시내,경기고속,4100200,234001243,41002902,M5107
경기시내,경기고속,4100200,234001246,41002802,8409
경기시내,경기고속,4100200,234001247,41003584,36-14
경기시내,경기고속,4100200,234001248,41003583,36-13
경기시내,경기고속,4100200,234001249,41003542,39-9
경기시내,경기고속,4100200,234001250,41003543,39-10
경기시내,경기고속,4100200,234001251,41002504,1311
경기시내,경기고속,4100200,234001252,41002483,36-15
경기시내,경기고속,4100200,234001254,41003719,38-19
경기시내,경기고속,4100200,234001279,41003734,35-20
경기시내,경기고속,4100200,234001280,41002495,21-15
경기시내,경기고속,4100200,234001281,41002502,29-32
경기시내,경기고속,4100200,234001284,41002412,22-22
경기시내,경기고속,4100200,234001286,41002903,M5115
경기시내,경기고속,4100200,234001287,41002272,21-32
경기시내,경기고속,4100200,234001288,41002503,23-82
경기시내,경기고속,4100200,234001291,41002207,17-3
경기시내,경기고속,4100200,234001294,41003738,912
경기시내,경기고속,4100200,234001298,41003739,918
경기시내,경기고속,4100200,234001299,41003769,918-1
경기시내,경기고속,4100200,234001302,41002511,928
경기시내,경기고속,4100200,234001303,41002512,930
경기시내,경기고속,4100200,234001304,41002520,930-1
경기시내,경기고속,4100200,234001306,41002514,980
경기시내,경기고속,4100200,234001310,41002516,990
경기시내,경기고속,4100200,234001314,41002508,916
경기시내,경기고속,4100200,234001315,41002509,917
경기시내,경기고속,4100200,234001317,41002905,M5121
경기시내,경기고속,4100200,234001372,41003083,911
경기시내,경기고속,4100200,234001373,41003035,935
경기시내,경기고속,4100200,234001375,41003036,924
경기시내,경기고속,4100200,234001380,41003042,924-1
경기시내,경기고속,4100200,234001386,41003085,912-1
경기시내,경기고속,4100200,234001390,41002134,930-2
경기시내,경기고속,4100200,234001411,41002142,924-2
경기시내,경기고속,4100200,234001415,41003436,33-4
경기시내,경기고속,4100200,234001421,41003071,911-4
경기시내,경기고속,4100200,234001426,41002804,8401
경기시내,경기고속,4100200,234001427,41002064,989-1
경기시내,경기고속,4100200,234001428,41002067,989
경기시내,경기고속,4100200,234001429,41002070,989-4
경기시내,경기고속,4100200,234001430,41002071,988-5
경기시내,경기고속,4100200,234001432,41002079,988-7
경기시내,경기고속,4100200,234001433,41002080,981-1
경기시내,경기고속,4100200,234001434,41002081,989-5
경기시내,경기고속,4100200,234001435,41002082,987-5
경기시내,경기고속,4100200,234001443,41002083,987-3
경기시내,경기고속,4100200,234001456,41002241,21-9
경기시내,경기고속,4100200,234001462,41002381,22-25
경기시내,경기고속,4100200,234001463,41002279,22-7
경기시내,경기고속,4100200,234001464,41002291,22-81
경기시내,경기고속,4100200,234001468,41002380,25-21
경기시내,경기고속,4100200,234001469,41002413,26-12
경기시내,경기고속,4100200,234001470,41002416,28-43
경기시내,경기고속,4100200,234001471,41002588,28-92
경기시내,경기고속,4100200,234001472,41002257,20-41
경기시내,경기고속,4100200,234001475,41002417,28-83
경기시내,경기고속,4100200,234001476,41002906,M2323
경기시내,경기고속,4100200,234001508,41002208,988-6
경기시내,경기고속,4100200,234001509,41003505,35-17
경기시내,경기고속,4100200,234001510,41003669,33-7
경기시내,경기고속,4100200,234001513,41003134,918-5
경기시내,경기고속,4100200,234001514,41003147,961-5
경기시내,경기고속,4100200,234001517,41002592,21-33
경기시내,경기고속,4100200,234001528,41002593,20-53
경기시내,경기고속,4100200,234001529,41002594,21-91
경기시내,경기고속,4100200,234001532,41002463,22-14
경기시내,경기고속,4100200,234001533,41002475,29-11
경기시내,경기고속,4100200,234001537,41002601,28-55
경기시내,경기고속,4100200,234001538,41002600,28-54
경기시내,경기고속,4100200,234001540,41002602,912-5
경기시내,경기고속,4100200,234001541,41002604,924A
경기시내,경기고속,4100200,234001542,41002605,930-4A
경기시내,경기고속,4100200,234001543,41002606,930-4B
경기시내,경기고속,4100200,234001544,41002611,930-4
경기시내,경기고속,4100200,234001545,41002607,930-5A
경기시내,경기고속,4100200,234001546,41002608,930-5B
경기시내,경기고속,4100200,234001547,41002610,982-1
경기시내,경기고속,4100200,234001548,41002609,981-5
경기시내,경기고속,4100200,234001557,41002603,918-7
경기시내,경기고속,4100200,234001559,41002436,24-47
경기시내,경기고속,4100200,234001564,41002424,38-10
경기시내,경기고속,4100200,234001565,41002612,1-11
경기시내,경기고속,4100200,234001566,41002613,21-18
경기시내,경기고속,4100200,234001567,41002614,21-19
경기시내,경기고속,4100200,234001572,41002617,38-26
경기시내,경기고속,4100200,234001573,41002618,38-52
경기시내,경기고속,4100200,234001574,41002621,9000-1
경기시내,경기고속,4100200,234001576,41002622,9000-2
경기시내,경기고속,4100200,234001577,41002907,M4130
경기시내,경기고속,4100200,234001578,41002623,17-1A
경기시내,경기고속,4100200,234001580,41002625,26-13
경기시내,경기고속,4100200,234001581,41002268,24
경기시내,경기고속,4100200,234001585,41002624,29-13
경기시내,경기고속,4100200,234001586,41002449,29-21
경기시내,경기고속,4100200,234001587,41003207,901
경기시내,경기고속,4100200,234001590,41002629,1-22
경기시내,경기고속,4100200,234001591,41002628,2-27
경기시내,경기고속,4100200,234001604,41002630,29-23
경기시내,경기고속,4100200,234001606,41002159,23-32
경기시내,경기고속,4100200,234001608,41002632,720-1A
경기시내,경기고속,4100200,234001610,41002002,5
경기시내,경기고속,4100200,234001611,41002636,6
경기시내,경기고속,4100200,234001612,41002635,7
경기시내,경기고속,4100200,234001613,41002439,28-20
경기시내,경기고속,4100200,234001614,41002634,24-33
경기시내,경기고속,4100200,234001615,41002633,20-42
경기시내,경기고속,4100200,234001617,41002068,9000-1A
경기시내,경기고속,4100200,234001619,41002908,M4434
경기시내,경기고속,4100200,237000047,41002510,920
경기시내,경기고속,4100200,237000066,41003785,970-1
경기시내,경기고속,4100200,237000079,41003762,983
경기시내,경기고속,4100200,237000084,41003764,992
경기시내,대원고속,4100300,204000025,41003312,521
경기시내,대원고속,4100300,218000005,41503065,3200
경기시내,대원고속,4100300,219000026,41016029,9700
경기시내,대원고속,4100300,228000262,41006343,5006
경기시내,대원고속,4100300,228000263,41006344,5007
경기시내,대원고속,4100300,230000140,41003735,28-81
경기시내,대원고속,4100300,234000009,41003005,32
경기시내,대원고속,4100300,234000011,41003026,1113-1
경기시내,대원고속,4100300,234000013,41003025,1007-1
경기시내,대원고속,4100300,234000015,41003009,1007
경기시내,대원고속,4100300,234000016,41003011,1112
경기시내,대원고속,4100300,234000027,41003017,6900
경기시내,대원고속,4100300,234000034,41003004,16
경기시내,대원고속,4100300,234000038,41003103,65
경기시내,대원고속,4100300,234000039,41003008,114
경기시내,대원고속,4100300,234000042,41003012,1113
경기시내,대원고속,4100300,234000044,41003310,520
경기시내,대원고속,4100300,234000046,41002013,660
경기시내,대원고속,4100300,234000059,41002197,1
경기시내,대원고속,4100300,234000069,41003278,1117
경기시내,대원고속,4100300,234000070,41003275,8
경기시내,대원고속,4100300,234000074,41003283,1005-1
경기시내,대원고속,4100300,234000078,41003277,111
경기시내,대원고속,4100300,234000079,41002058,500-1
경기시내,대원고속,4100300,234000082,41003118,13-2
경기시내,대원고속,4100300,234000083,41002053,12
경기시내,대원고속,4100300,234000095,41003002,9
경기시내,대원고속,4100300,234000136,41003014,1550
경기시내,대원고속,4100300,234000148,41003022,5500-2
경기시내,대원고속,4100300,234000309,41002069,9301
경기시내,대원고속,4100300,234000310,41003010,1009
경기시내,대원고속,4100300,234000311,41003023,7007-1
경기시내,대원고속,4100300,234000313,41003030,1500-2
경기시내,대원고속,4100300,234000316,41003006,60
경기시내,대원고속,4100300,234000317,41003021,32-1
경기시내,대원고속,4100300,234000324,41003338,1550-1
경기시내,대원고속,4100300,234000414,41002174,987-1
경기시내,대원고속,4100300,234000415,41002176,982
경기시내,대원고속,4100300,234000448,41003626,28-1
경기시내,대원고속,4100300,234000462,41003636,23-8
경기시내,대원고속,4100300,234000463,41002132,23-9
경기시내,대원고속,4100300,234000505,41002270,15-1
경기시내,대원고속,4100300,234000512,41003197,25-8
경기시내,대원고속,4100300,234000514,41003112,29-5
경기시내,대원고속,4100300,234000517,41003135,29-6
경기시내,대원고속,4100300,234000519,41003114,29-7
경기시내,대원고속,4100300,234000521,41003115,29-8
경기시내,대원고속,4100300,234000523,41003101,25
경기시내,대원고속,4100300,234000525,41002164,25-2
경기시내,대원고속,4100300,234000527,41003441,25-31
경기시내,대원고속,4100300,234000528,41003119,25-3
경기시내,대원고속,4100300,234000530,41003108,25-4
경기시내,대원고속,4100300,234000531,41003442,25-41
경기시내,대원고속,4100300,234000533,41003111,25-5
경기시내,대원고속,4100300,234000535,41003444,26-1
경기시내,대원고속,4100300,234000538,41003438,27
경기시내,대원고속,4100300,234000540,41003122,27-1
경기시내,대원고속,4100300,234000542,41003627,27-2
경기시내,대원고속,4100300,234000544,41003124,27-3
경기시내,대원고속,4100300,234000545,41003125,27-31
경기시내,대원고속,4100300,234000547,41003109,27-4
경기시내,대원고속,4100300,234000553,41003440,35-1
경기시내,대원고속,4100300,234000556,41003443,35-3
경기시내,대원고속,4100300,234000586,41003653,35-5
경기시내,대원고속,4100300,234000691,41002191,984
경기시내,대원고속,4100300,234000694,41002209,984-2
경기시내,대원고속,4100300,234000695,41003003,983-2
경기시내,대원고속,4100300,234000759,41002054,23
경기시내,대원고속,4100300,234000762,41002025,23-1
경기시내,대원고속,4100300,234000763,41002123,23-2
경기시내,대원고속,4100300,234000764,41002157,23-31
경기시내,대원고속,4100300,234000766,41002158,23-3
경기시내,대원고속,4100300,234000768,41002126,23-4
경기시내,대원고속,4100300,234000769,41002127,23-5
경기시내,대원고속,4100300,234000798,41003528,38-2
경기시내,대원고속,4100300,234000805,41003499,38
경기시내,대원고속,4100300,234000813,41003437,35-6
경기시내,대원고속,4100300,234000824,41003509,34-1
경기시내,대원고속,4100300,234000829,41003503,33-2
경기시내,대원고속,4100300,234000860,41003018,988-3
경기시내,대원고속,4100300,234000879,41002294,8101
경기시내,대원고속,4100300,234000884,41003494,8201
경기시내,대원고속,4100300,234000900,41003633,23-6
경기시내,대원고속,4100300,234000929,41003579,35-32
경기시내,대원고속,4100300,234000956,41003602,38-51
경기시내,대원고속,4100300,234000995,41003900,M4403
경기시내,대원고속,4100300,234001015,41002352,38-22
경기시내,대원고속,4100300,234001017,41002351,38-21
경기시내,대원고속,4100300,234001018,41002347,38-1
경기시내,대원고속,4100300,234001019,41002348,38-12
경기시내,대원고속,4100300,234001021,41002355,38-42
경기시내,대원고속,4100300,234001025,41002321,35-35
경기시내,대원고속,4100300,234001028,41002311,35-2
경기시내,대원고속,4100300,234001029,41002319,35-21
경기시내,대원고속,4100300,234001030,41002318,35
경기시내,대원고속,4100300,234001034,41003661,35-36
경기시내,대원고속,4100300,234001040,41003652,34
경기시내,대원고속,4100300,234001051,41002324,34-13
경기시내,대원고속,4100300,234001074,41002392,23-92
경기시내,대원고속,4100300,234001084,41002393,23-93
경기시내,대원고속,4100300,234001088,41002390,23-70
경기시내,대원고속,4100300,234001089,41002391,23-90
경기시내,대원고속,4100300,234001100,41002389,23-50
경기시내,대원고속,4100300,234001102,41003672,27-10
경기시내,대원고속,4100300,234001103,41003673,27-11
경기시내,대원고속,4100300,234001104,41003674,27-20
경기시내,대원고속,4100300,234001105,41003675,27-21
경기시내,대원고속,4100300,234001106,41003676,27-30
경기시내,대원고속,4100300,234001107,41003677,27-40
경기시내,대원고속,4100300,234001108,41003678,29-50
경기시내,대원고속,4100300,234001110,41003680,29-70
경기시내,대원고속,4100300,234001118,41003668,33-5
경기시내,대원고속,4100300,234001128,41003682,23-94
경기시내,대원고속,4100300,234001138,41003683,1551
경기시내,대원고속,4100300,234001145,41003691,35-4
경기시내,대원고속,4100300,234001146,41003692,35-7
경기시내,대원고속,4100300,234001148,41003690,35-27
경기시내,대원고속,4100300,234001149,41003688,35-25
경기시내,대원고속,4100300,234001150,41003689,35-26
경기시내,대원고속,4100300,234001153,41003694,38-24
경기시내,대원고속,4100300,234001158,41003700,34-12
경기시내,대원고속,4100300,234001203,41003705,1113-10
경기시내,대원고속,4100300,234001204,41003706,1113-11
경기시내,대원고속,4100300,234001209,41002465,23-12
경기시내,대원고속,4100300,234001211,41003708,23-41
경기시내,대원고속,4100300,234001213,41003710,25-11
경기시내,대원고속,4100300,234001218,41003714,26-11
경기시내,대원고속,4100300,234001219,41003715,28-17
경기시내,대원고속,4100300,234001224,41002467,23-80
경기시내,대원고속,4100300,234001232,41003716,9-1
경기시내,대원고속,4100300,234001235,41003800,8906
경기시내,대원고속,4100300,234001241,41003902,M7412
경기시내,대원고속,4100300,234001244,41003717,9600
경기시내,대원고속,4100300,234001245,41003904,M4108
경기시내,대원고속,4100300,234001253,41003720,38-83
경기시내,대원고속,4100300,234001254,41003719,38-19
경기시내,대원고속,4100300,234001257,41003722,522
경기시내,대원고속,4100300,234001271,41003724,1570
경기시내,대원고속,4100300,234001274,41002009,987-2
경기시내,대원고속,4100300,234001282,41002496,21-16
경기시내,대원고속,4100300,234001290,41003737,1551B
경기시내,대원고속,4100300,234001292,41003766,911-1
경기시내,대원고속,4100300,234001293,41003767,911-2
경기시내,대원고속,4100300,234001294,41003738,912
경기시내,대원고속,4100300,234001296,41002505,913
경기시내,대원고속,4100300,234001297,41002507,915
경기시내,대원고속,4100300,234001298,41003739,918
경기시내,대원고속,4100300,234001299,41003769,918-1
경기시내,대원고속,4100300,234001300,41003740,919
경기시내,대원고속,4100300,234001303,41002512,930
경기시내,대원고속,4100300,234001309,41002515,988
경기시내,대원고속,4100300,234001310,41002516,990
경기시내,대원고속,4100300,234001314,41002508,916
경기시내,대원고속,4100300,234001315,41002509,917
경기시내,대원고속,4100300,234001318,41003906,M5422
경기시내,대원고속,4100300,234001370,41002112,994-1
경기시내,대원고속,4100300,234001371,41002128,995
경기시내,대원고속,4100300,234001372,41003083,911
경기시내,대원고속,4100300,234001374,41003084,911-3
경기시내,대원고속,4100300,234001378,41003039,952-4
경기시내,대원고속,4100300,234001379,41003041,952-1
경기시내,대원고속,4100300,234001383,41003047,962-1
경기시내,대원고속,4100300,234001387,41003048,952-2
경기시내,대원고속,4100300,234001388,41003049,952-3
경기시내,대원고속,4100300,234001389,41003050,951-1
경기시내,대원고속,4100300,234001390,41002134,930-2
경기시내,대원고속,4100300,234001392,41003051,938
경기시내,대원고속,4100300,234001395,41003054,965-2
경기시내,대원고속,4100300,234001396,41003055,974
경기시내,대원고속,4100300,234001397,41003056,974-1
경기시내,대원고속,4100300,234001399,41003058,974-2
경기시내,대원고속,4100300,234001400,41003059,963-1
경기시내,대원고속,4100300,234001402,41003061,918-2
경기시내,대원고속,4100300,234001403,41003062,961-1
경기시내,대원고속,4100300,234001404,41003063,964-1
경기시내,대원고속,4100300,234001405,41003064,981-2
경기시내,대원고속,4100300,234001406,41003065,923-1
경기시내,대원고속,4100300,234001407,41003066,923-2
경기시내,대원고속,4100300,234001408,41003067,929-2
경기시내,대원고속,4100300,234001409,41003068,929-3
경기시내,대원고속,4100300,234001410,41003069,925
경기시내,대원고속,4100300,234001412,41003070,925-1
경기시내,대원고속,4100300,234001413,41002036,915-2
경기시내,대원고속,4100300,234001414,41002047,915-1
경기시내,대원고속,4100300,234001417,41002059,913-2
경기시내,대원고속,4100300,234001418,41002060,913-3
경기시내,대원고속,4100300,234001419,41002063,913-4
경기시내,대원고속,4100300,234001421,41003071,911-4
경기시내,대원고속,4100300,234001431,41003076,988-4
경기시내,대원고속,4100300,234001440,41003077,980-1
경기시내,대원고속,4100300,234001441,41003078,983-1
경기시내,대원고속,4100300,234001442,41003079,981-3
경기시내,대원고속,4100300,234001444,41003080,987-4
경기시내,대원고속,4100300,234001446,41003086,912-2
경기시내,대원고속,4100300,234001478,41002589,22-9
경기시내,대원고속,4100300,234001479,41003089,911-5
경기시내,대원고속,4100300,234001480,41003092,918-3
경기시내,대원고속,4100300,234001481,41003093,918-4
경기시내,대원고속,4100300,234001483,41003095,932-1
경기시내,대원고속,4100300,234001484,41003096,938-1
경기시내,대원고속,4100300,234001485,41003757,971
경기시내,대원고속,4100300,234001486,41003151,971-1
경기시내,대원고속,4100300,234001487,41003152,971-2
경기시내,대원고속,4100300,234001488,41003153,972-2
경기시내,대원고속,4100300,234001489,41003154,972-3
경기시내,대원고속,4100300,234001490,41003155,972-4
경기시내,대원고속,4100300,234001491,41003156,994-2
경기시내,대원고속,4100300,234001493,41003141,954
경기시내,대원고속,4100300,234001494,41003098,953-1
경기시내,대원고속,4100300,234001495,41003099,953-2
경기시내,대원고속,4100300,234001496,41003140,953-4
경기시내,대원고속,4100300,234001497,41003143,955-1
경기시내,대원고속,4100300,234001498,41003142,955
경기시내,대원고속,4100300,234001499,41003100,953-3
경기시내,대원고속,4100300,234001500,41003144,961-2
경기시내,대원고속,4100300,234001501,41003145,961-3
경기시내,대원고속,4100300,234001502,41003756,965
경기시내,대원고속,4100300,234001503,41003148,966
경기시내,대원고속,4100300,234001504,41003149,966-1
경기시내,대원고속,4100300,234001505,41003146,961-4
경기시내,대원고속,4100300,234001506,41003090,912-3
경기시내,대원고속,4100300,234001507,41003091,915-3
경기시내,대원고속,4100300,234001513,41003134,918-5
경기시내,대원고속,4100300,234001515,41003150,971-3
경기시내,대원고속,4100300,234001516,41003157,1113-2
경기시내,대원고속,4100300,234001522,41003020,38-84
경기시내,대원고속,4100300,234001524,41003567,34-16
경기시내,대원고속,4100300,234001526,41003132,32-2
경기시내,대원고속,4100300,234001542,41002605,930-4A
경기시내,대원고속,4100300,234001549,41003029,915-4
경기시내,대원고속,4100300,234001550,41003046,950-3
경기시내,대원고속,4100300,234001551,41003159,950B
경기시내,대원고속,4100300,234001553,41003175,981-4
경기시내,대원고속,4100300,234001554,41003031,918-6
경기시내,대원고속,4100300,234001555,41003040,918-8
경기시내,대원고속,4100300,234001556,41003043,918-9
경기시내,대원고속,4100300,234001560,41003794,912-4
경기시내,대원고속,4100300,234001561,41003671,26-10
경기시내,대원고속,4100300,234001575,41003795,38-53
경기시내,대원고속,4100300,234001582,41003251,12-1
경기시내,대원고속,4100300,234001583,41003192,12-2
경기시내,대원고속,4100300,234001584,41003204,12-3
경기시내,대원고속,4100300,234001587,41003207,901
경기시내,대원고속,4100300,234001588,41003208,902
경기시내,대원고속,4100300,234001589,41003210,904
경기시내,대원고속,4100300,234001592,41003213,38-11
경기시내,대원고속,4100300,234001593,41003211,1-23
경기시내,대원고속,4100300,234001594,41003215,38-85
경기시내,대원고속,4100300,234001595,41003659,35-31
경기시내,대원고속,4100300,234001596,41003660,35-33
경기시내,대원고속,4100300,234001597,41003216,903
경기시내,대원고속,4100300,234001598,41003218,905
경기시내,대원고속,4100300,234001600,41003221,956
경기시내,대원고속,4100300,234001602,41003226,958
경기시내,대원고속,4100300,234001603,41003038,950-1
경기시내,대원고속,4100300,234001606,41002159,23-32
경기시내,대원고속,4100300,234001607,41002631,28-10
경기시내,대원고속,4100300,234001609,41003239,500-1A
경기시내,대원고속,4100300,234001616,41003220,906
경기시내,대원고속,4100300,234001618,41003260,3
경기시내,대원고속,4100300,237000031,41003081,987-6
경기시내,대원고속,4100300,237000047,41002510,920
경기시내,대원고속,4100300,237000052,41003743,923
경기시내,대원고속,4100300,237000053,41003744,929
경기시내,대원고속,4100300,237000054,41003751,960
경기시내,대원고속,4100300,237000059,41003752,961
경기시내,대원고속,4100300,237000060,41003753,962
경기시내,대원고속,4100300,237000061,41003754,963
경기시내,대원고속,4100300,237000062,41003755,964
경기시내,대원고속,4100300,237000064,41003784,965-1
경기시내,대원고속,4100300,237000066,41003785,970-1
경기시내,대원고속,4100300,237000070,41003758,972
경기시내,대원고속,4100300,237000071,41003788,972-1
경기시내,대원고속,4100300,237000077,41003760,981
경기시내,대원고속,4100300,237000079,41003762,983
경기시내,대원고속,4100300,237000083,41003763,991
경기시내,대원고속,4100300,237000084,41003764,992
경기시내,대원고속,4100300,237000085,41003793,992-1
경기시내,대원고속,4100300,237000086,41003765,993
경기시내,대원고속,4100300,237000087,41003772,929-1
경기시내,대원고속,4100300,237000094,41003745,931
경기시내,대원고속,4100300,237000096,41003746,932
경기시내,대원고속,4100300,237000097,41003747,939
경기시내,대원고속,4100300,237000098,41003748,951
경기시내,대원고속,4100300,237000099,41003749,952
경기시내,대원고속,4100300,237000100,41003750,953
경기시내,대원고속,4100300,237000101,41003082,950
경기시내,대원고속,4100300,237000102,41002145,994
경기시내,대원버스,4100400,204000035,41004028,1251
경기시내,대원버스,4100400,204000041,41004018,9004
경기시내,대원버스,4100400,204000046,41004017,9003
경기시내,대원버스,4100400,204000051,41004020,390
경기시내,대원버스,4100400,204000057,41004025,3330
경기시내,대원버스,4100400,204000060,41004026,103
경기시내,대원버스,4100400,204000070,41004030,9007
경기시내,대원버스,4100400,204000080,41004032,1002
경기시내,대원버스,4100400,204000081,41004031,1151
경기시내,대원버스,4100400,204000082,41004033,G8110
경기시내,대원버스,4100400,205000001,41004001,70
경기시내,대원버스,4100400,205000002,41004003,333
경기시내,대원버스,4100400,205000003,41004006,3-1
경기시내,대원버스,4100400,206000003,41004010,300
경기시내,대원버스,4100400,206000005,41004005,9414
경기시내,대원버스,4100400,206000007,41004012,102
경기시내,대원버스,4100400,228000179,41006246,101
경기시내,대원버스,4100400,228000181,41004029,1241
경기시내,대원버스,4100400,234000007,41002102,5
경기시내,대원버스,4100400,234000886,41003496,9300
경기시내,대원운수,4100500,222000022,41005013,91
경기시내,대원운수,4100500,222000023,41005004,55
경기시내,대원운수,4100500,222000027,41005016,97
경기시내,대원운수,4100500,222000028,41005112,165
경기시내,대원운수,4100500,222000029,41005008,6
경기시내,대원운수,4100500,222000030,41005009,65-1
경기시내,대원운수,4100500,222000031,41005033,65
경기시내,대원운수,4100500,222000032,41005010,1-4
경기시내,대원운수,4100500,222000033,41005003,30-15
경기시내,대원운수,4100500,222000034,41005103,30-4
경기시내,대원운수,4100500,222000035,41005102,30-2
경기시내,대원운수,4100500,222000037,41005105,30-6
경기시내,대원운수,4100500,222000038,41005106,30-9
경기시내,대원운수,4100500,222000039,41005107,30-8
경기시내,대원운수,4100500,222000040,41005108,30-12
경기시내,대원운수,4100500,222000041,41005109,30-1
경기시내,대원운수,4100500,222000042,41005110,30-14
경기시내,대원운수,4100500,222000045,41005021,112-1
경기시내,대원운수,4100500,222000046,41005113,1670
경기시내,대원운수,4100500,222000047,41005007,168
경기시내,대원운수,4100500,222000048,41005035,166-1
경기시내,대원운수,4100500,222000049,41005101,1660
경기시내,대원운수,4100500,222000053,41005139,8
경기시내,대원운수,4100500,222000054,41005158,8-1
경기시내,대원운수,4100500,222000055,41005034,7
경기시내,대원운수,4100500,222000056,41005023,167-1
경기시내,대원운수,4100500,222000058,41005027,1
경기시내,대원운수,4100500,222000061,41005118,30-3
경기시내,대원운수,4100500,222000062,41005119,30-13
경기시내,대원운수,4100500,222000063,41005120,30-11
경기시내,대원운수,4100500,222000064,41005121,30-10
경기시내,대원운수,4100500,222000065,41005122,30-7
경기시내,대원운수,4100500,222000072,41005124,167
경기시내,대원운수,4100500,222000073,41005126,1700
경기시내,대원운수,4100500,222000074,41005125,1100
경기시내,대원운수,4100500,222000078,41005131,1200
경기시내,대원운수,4100500,222000082,41005134,10
경기시내,대원운수,4100500,222000084,41005133,8002
경기시내,대원운수,4100500,222000088,41005137,8001
경기시내,대원운수,4100500,222000089,41005138,56
경기시내,대원운수,4100500,222000107,41005145,1001
경기시내,대원운수,4100500,222000109,41005147,330-3
경기시내,대원운수,4100500,222000124,41005157,8-2
경기시내,대원운수,4100500,222000131,41005104,30-5
경기시내,대원운수,4100500,222000133,41005146,330-2
경기시내,대원운수,4100500,222000136,41005164,1000-2
경기시내,대원운수,4100500,222000137,41005165,1200-1
경기시내,대원운수,4100500,222000139,41005166,30-16
경기시내,대원운수,4100500,234000041,41002042,330-1
경기시내,대원운수,4100500,234000873,41002263,100
경기시내,대원운수,4100500,234001511,41002484,1000-1
경기시내,경남여객,4100600,228000001,41006241,66
경기시내,경남여객,4100600,228000002,41006239,10
경기시내,경남여객,4100600,228000005,41006255,66-4
경기시내,경남여객,4100600,228000008,41006261,10-5
경기시내,경남여객,4100600,228000010,41006256,670
경기시내,경남여객,4100600,228000012,41006245,820
경기시내,경남여객,4100600,228000013,41006037,22-1
경기시내,경남여객,4100600,228000017,41006243,68
경기시내,경남여객,4100600,228000018,41006260,10-4
경기시내,경남여객,4100600,228000019,41006263,88
경기시내,경남여객,4100600,228000020,41006110,7
경기시내,경남여객,4100600,228000021,41006152,8
경기시내,경남여객,4100600,228000029,41006211,74
경기시내,경남여객,4100600,228000038,41006160,90
경기시내,경남여객,4100600,228000055,41006123,22
경기시내,경남여객,4100600,228000056,41006122,71-2
경기시내,경남여객,4100600,228000061,41006187,91
경기시내,경남여객,4100600,228000066,41006188,71
경기시내,경남여객,4100600,228000071,41006113,71-1
경기시내,경남여객,4100600,228000079,41006118,70
경기시내,경남여객,4100600,228000081,41006158,12
경기시내,경남여객,4100600,228000082,41006189,92
경기시내,경남여객,4100600,228000089,41006145,83
경기시내,경남여객,4100600,228000092,41006205,93
경기시내,경남여객,4100600,228000108,41006190,95
경기시내,경남여객,4100600,228000113,41006181,9-1
경기시내,경남여객,4100600,228000119,41006116,83-1
경기시내,경남여객,4100600,228000128,41006141,73
경기시내,경남여객,4100600,228000130,41006161,84-1
경기시내,경남여객,4100600,228000132,41006196,95-1
경기시내,경남여객,4100600,228000133,41006202,82
경기시내,경남여객,4100600,228000136,41006102,2
경기시내,경남여객,4100600,228000139,41006328,84
경기시내,경남여객,4100600,228000140,41006163,84-2
경기시내,경남여객,4100600,228000148,41006104,3
경기시내,경남여객,4100600,228000149,41006106,103
경기시내,경남여객,4100600,228000156,41006148,89
경기시내,경남여객,4100600,228000159,41006177,9
경기시내,경남여객,4100600,228000160,41006294,9-2
경기시내,경남여객,4100600,228000162,41006218,93-1
경기시내,경남여객,4100600,228000165,41006240,11
경기시내,경남여객,4100600,228000168,41006107,6
경기시내,경남여객,4100600,228000170,41006103,2-1
경기시내,경남여객,4100600,228000174,41006063,5000
경기시내,경남여객,4100600,228000175,41006250,5005
경기시내,경남여객,4100600,228000176,41006248,5001
경기시내,경남여객,4100600,228000177,41006262,5001-1
경기시내,경남여객,4100600,228000182,41006064,5003
경기시내,경남여객,4100600,228000183,41006249,5002
경기시내,경남여객,4100600,228000184,41006251,5600
경기시내,경남여객,4100600,228000189,41006266,81-1
경기시내,경남여객,4100600,228000190,41006267,73-1
경기시내,경남여객,4100600,228000191,41006268,73-4
경기시내,경남여객,4100600,228000197,41006274,75
경기시내,경남여객,4100600,228000199,41006276,24-2
경기시내,경남여객,4100600,228000200,41006310,81
경기시내,경남여객,4100600,228000201,41006278,72
경기시내,경남여객,4100600,228000203,41006280,24-1
경기시내,경남여객,4100600,228000204,41006281,24
경기시내,경남여객,4100600,228000205,41006282,72-1
경기시내,경남여객,4100600,228000206,41006283,76-2
경기시내,경남여객,4100600,228000207,41006284,76-3
경기시내,경남여객,4100600,228000208,41006285,76-4
경기시내,경남여객,4100600,228000209,41006286,76-5
경기시내,경남여객,4100600,228000210,41006287,76-7
경기시내,경남여객,4100600,228000211,41006288,76-9
경기시내,경남여객,4100600,228000212,41006289,76-10
경기시내,경남여객,4100600,228000214,41006291,82-1
경기시내,경남여객,4100600,228000218,41006295,97
경기시내,경남여객,4100600,228000220,41006297,76-6
경기시내,경남여객,4100600,228000222,41006299,76-8
경기시내,경남여객,4100600,228000223,41006300,76-1
경기시내,경남여객,4100600,228000225,41006302,76-11
경기시내,경남여객,4100600,228000232,41006320,73-2
경기시내,경남여객,4100600,228000233,41006321,73-3
경기시내,경남여객,4100600,228000234,41006322,73-5
경기시내,경남여객,4100600,228000238,41006308,20
경기시내,경남여객,4100600,228000246,41006166,85
경기시내,경남여객,4100600,228000249,41006326,690
경기시내,경남여객,4100600,228000250,41006335,10-1
경기시내,경남여객,4100600,228000251,41006333,92-1
경기시내,경남여객,4100600,228000255,41006342,10-2
경기시내,경남여객,4100600,228000256,41006336,101
경기시내,경남여객,4100600,228000258,41006340,14
경기시내,경남여객,4100600,228000259,41006341,14-1
경기시내,경남여객,4100600,228000265,41006345,6-1
경기시내,경남여객,4100600,228000266,41006347,16
경기시내,경남여객,4100600,228000267,41006348,14-3
경기시내,경남여객,4100600,228000268,41006349,65
경기시내,경남여객,4100600,228000269,41006350,102
경기시내,경남여객,4100600,228000270,41006351,105
경기시내,경남여객,4100600,228000271,41006353,5700
경기시내,경남여객,4100600,228000273,41006354,970
경기시내,경남여객,4100600,228000274,41006356,77
경기시내,경남여객,4100600,228000275,41006355,100
경기시내,경남여객,4100600,228000276,41006357,10-6
경기시내,경남여객,4100600,228000277,41006358,10-7
경기시내,경남여객,4100600,228000278,41006359,11-1
경기시내,경남여객,4100600,228000281,41006401,88-1
경기시내,경남여객,4100600,228000285,41006404,90-1
경기시내,경남여객,4100600,228000286,41006405,55
경기시내,경남여객,4100600,228000287,41006406,99
경기시내,경남여객,4100600,228000385,41006407,94
경기시내,경원여객,4100700,210000028,41007130,220
경기시내,경원여객,4100700,216000005,41007103,30-7
경기시내,경원여객,4100700,216000010,41007019,99-1
경기시내,경원여객,4100700,216000011,41007016,55
경기시내,경원여객,4100700,216000012,41007018,70
경기시내,경원여객,4100700,216000015,41007015,314
경기시내,경원여객,4100700,216000016,41007017,62
경기시내,경원여객,4100700,216000017,41007029,33
경기시내,경원여객,4100700,216000019,41007022,31-7
경기시내,경원여객,4100700,216000020,41007026,38
경기시내,경원여객,4100700,216000021,41007020,301
경기시내,경원여객,4100700,216000023,41007032,88
경기시내,경원여객,4100700,216000024,41007102,78-1
경기시내,경원여객,4100700,216000026,41007105,3100
경기시내,경원여객,4100700,216000030,41007107,501A
경기시내,경원여객,4100700,216000032,41007108,33-1
경기시내,경원여객,4100700,216000036,41007111,31
경기시내,경원여객,4100700,216000037,41007112,10
경기시내,경원여객,4100700,216000041,41007115,5
경기시내,경원여객,4100700,216000043,41007117,3101
경기시내,경원여객,4100700,216000045,41007800,8407
경기시내,경원여객,4100700,216000046,41007131,5609
경기시내,경원여객,4100700,216000048,41007121,3-1
경기시내,경원여객,4100700,216000049,41007122,4-1
경기시내,경원여객,4100700,216000050,41007123,6-1
경기시내,경원여객,4100700,216000051,41007124,8-1
경기시내,경원여객,4100700,216000052,41007119,1-1
경기시내,경원여객,4100700,216000054,41007106,500
경기시내,경원여객,4100700,216000055,41007109,501B
경기시내,경원여객,4100700,216000059,41007127,33-2
경기시내,경원여객,4100700,216000060,41007128,300
경기시내,경원여객,4100700,216000061,41007132,3102
경기시내,경원여객,4100700,216000064,41007133,310
경기시내,경원여객,4100700,217000001,41007008,1
경기시내,경원여객,4100700,217000002,41007007,101
경기시내,경원여객,4100700,217000003,41007002,52
경기시내,경원여객,4100700,217000004,41007005,77
경기시내,경원여객,4100700,217000005,41007028,511
경기시내,경원여객,4100700,217000006,41007003,61
경기시내,경원여객,4100700,217000007,41007006,99
경기시내,경원여객,4100700,217000009,41007024,32
경기시내,경원여객,4100700,217000010,41007025,35
경기시내,경원여객,4100700,217000011,41007009,5601
경기시내,경원여객,4100700,217000012,41007027,350
경기시내,경원여객,4100700,217000013,41007010,320
경기시내,경원여객,4100700,217000014,41007034,110
경기시내,경원여객,4100700,224000012,41007011,30
경기시내,경원여객,4100700,224000014,41007012,30-2
경기시내,경원여객,4100700,224000015,41007014,98
경기시내,경원여객,4100700,224000016,41007004,76
경기시내,경진여객,4100800,200000104,41008169,3000
경기시내,경진여객,4100800,200000149,41008153,7790
경기시내,경진여객,4100800,200000150,41008154,7800
경기시내,경진여객,4100800,200000191,41008159,7900
경기시내,경진여객,4100800,200000265,41008170,30-1
경기시내,경진여객,4100800,200000267,41008172,787
경기시내,경진여객,4100800,233000007,41008006,777
경기시내,경진여객,4100800,233000008,41008002,33
경기시내,경진여객,4100800,233000010,41008001,33-1
경기시내,경진여객,4100800,233000013,41008101,2
경기시내,경진여객,4100800,233000015,41008103,4
경기시내,경진여객,4100800,233000019,41008110,5-2
경기시내,경진여객,4100800,233000021,41008112,5-4
경기시내,경진여객,4100800,233000022,41008115,15
경기시내,경진여객,4100800,233000024,41008114,14
경기시내,경진여객,4100800,233000025,41008105,9
경기시내,경진여객,4100800,233000026,41008117,19
경기시내,경진여객,4100800,233000027,41008108,3-1
경기시내,경진여객,4100800,233000028,41008102,3
경기시내,경진여객,4100800,233000029,41008107,2-4
경기시내,경진여객,4100800,233000030,41008106,2-3
경기시내,경진여객,4100800,233000031,41008007,7770
경기시내,경진여객,4100800,233000032,41008008,7780
경기시내,경진여객,4100800,233000034,41008118,16
경기시내,경진여객,4100800,233000035,41008119,2-2
경기시내,경진여객,4100800,233000036,41008120,18
경기시내,경진여객,4100800,233000038,41008122,4-1
경기시내,경진여객,4100800,233000040,41008124,6
경기시내,경진여객,4100800,233000041,41008125,11
경기시내,경진여객,4100800,233000043,41008126,6-2
경기시내,경진여객,4100800,233000044,41008127,17
경기시내,경진여객,4100800,233000045,41008128,6-3
경기시내,경진여객,4100800,233000046,41008129,8
경기시내,경진여객,4100800,233000047,41008130,8-3
경기시내,경진여객,4100800,233000048,41008131,1
경기시내,경진여객,4100800,233000049,41008132,8-2
경기시내,경진여객,4100800,233000051,41008133,1-1
경기시내,경진여객,4100800,233000052,41008134,2-1
경기시내,경진여객,4100800,233000056,41008138,7-1
경기시내,경진여객,4100800,233000057,41008139,8-1
경기시내,경진여객,4100800,233000058,41008140,7
경기시내,경진여객,4100800,233000059,41008141,11-5
경기시내,경진여객,4100800,233000060,41008142,11-2
경기시내,경진여객,4100800,233000062,41008144,11-4
경기시내,경진여객,4100800,233000064,41008137,10
경기시내,경진여객,4100800,233000079,41008145,20
경기시내,경진여객,4100800,233000080,41008146,21
경기시내,경진여객,4100800,233000081,41008147,24
경기시내,경진여객,4100800,233000083,41008148,30
경기시내,경진여객,4100800,233000085,41008150,23
경기시내,경진여객,4100800,233000086,41008151,38
경기시내,경진여객,4100800,233000087,41008152,42
경기시내,경진여객,4100800,233000094,41008155,25
경기시내,경진여객,4100800,233000095,41008156,26
경기시내,경진여객,4100800,233000096,41008157,27
경기시내,경진여객,4100800,233000126,41008161,33-2
경기시내,경진여객,4100800,233000139,41008167,8155
경기시내,경진여객,4100800,233000143,41008174,38-2
경기시내,경진여객,4100800,233000258,41008171,8156
경기시내,경진여객,4100800,233000262,41008173,38-1
경기시내,금강고속,4100900,240000002,41009127,1-5
경기시내,금강고속,4100900,240000003,41009126,1-4
경기시내,금강고속,4100900,240000004,41009129,1-7
경기시내,금강고속,4100900,240000007,41009003,2000-1
경기시내,금강고속,4100900,240000008,41009155,2000-2
경기시내,금강고속,4100900,240000009,41009133,2-11
경기시내,금강고속,4100900,240000011,41009135,2-5
경기시내,금강고속,4100900,240000012,41009136,2-9
경기시내,금강고속,4100900,240000014,41009131,2-2
경기시내,금강고속,4100900,240000015,41009132,2-3
경기시내,금강고속,4100900,240000016,41009043,6
경기시내,금강고속,4100900,240000017,41009143,6-1
경기시내,금강고속,4100900,240000018,41009144,6-2
경기시내,금강고속,4100900,240000019,41009145,6-3
경기시내,금강고속,4100900,240000020,41009112,3-2
경기시내,금강고속,4100900,240000021,41009047,6-5
경기시내,금강고속,4100900,240000022,41009049,6-8
경기시내,금강고속,4100900,240000023,41009048,6-6
경기시내,금강고속,4100900,240000026,41009111,2-8
경기시내,금강고속,4100900,240000028,41009115,3-5
경기시내,금강고속,4100900,240000029,41009137,2-10
경기시내,금강고속,4100900,240000033,41009108,2-1
경기시내,금강고속,4100900,240000036,41009030,9-3
경기시내,금강고속,4100900,240000037,41009032,10
경기시내,금강고속,4100900,240000038,41009124,10-1
경기시내,금강고속,4100900,240000039,41009033,10-2
경기시내,금강고속,4100900,240000041,41009021,7
경기시내,금강고속,4100900,240000042,41009022,7-1
경기시내,금강고속,4100900,240000043,41009029,9-1
경기시내,금강고속,4100900,240000044,41009120,7-2
경기시내,금강고속,4100900,240000045,41009150,9-6
경기시내,금강고속,4100900,240000046,41009147,7-7
경기시내,금강고속,4100900,240000047,41009146,7-3
경기시내,금강고속,4100900,240000048,41009121,7-4
경기시내,금강고속,4100900,240000049,41009024,7-5
경기시내,금강고속,4100900,240000051,41009116,4-2
경기시내,금강고속,4100900,240000053,41009117,4-4
경기시내,금강고속,4100900,240000055,41009034,4-1
경기시내,금강고속,4100900,240000056,41009139,4-7
경기시내,금강고속,4100900,240000057,41009140,4-9
경기시내,금강고속,4100900,240000058,41009141,4-8
경기시내,금강고속,4100900,240000059,41009142,4-10
경기시내,금강고속,4100900,240000060,41009037,4-6
경기시내,금강고속,4100900,240000062,41009040,5-2
경기시내,금강고속,4100900,240000063,41009042,5-4
경기시내,금강고속,4100900,240000064,41009103,1-2
경기시내,금강고속,4100900,240000067,41009118,5-5
경기시내,금강고속,4100900,240000068,41009105,1-8
경기시내,금강고속,4100900,240000069,41009106,1-9
경기시내,금강고속,4100900,240000070,41009102,1-1
경기시내,금강고속,4100900,240000071,41009109,2-6
경기시내,금강고속,4100900,240000072,41009051,6-10
경기시내,금강고속,4100900,240000073,41009104,1-3
경기시내,금강고속,4100900,240000075,41009151,1
경기시내,금강고속,4100900,240000077,41009153,5-1
경기시내,금강고속,4100900,240000078,41009154,5-3
경기시내,금강고속,4100900,240000080,41009156,9-2
경기시내,금강고속,4100900,240000081,41009157,8-2
경기시내,금강고속,4100900,240000083,41009160,8-4
경기시내,금강고속,4100900,240000085,41009161,8-5
경기시내,금강고속,4100900,240000086,41009162,9-7
경기시내,금강고속,4100900,240000087,41009163,7-8
경기시내,금강고속,4100900,240000089,41009165,22
경기시내,금강고속,4100900,240000091,41009167,8-6
경기시내,금강고속,4100900,240000092,41009168,8-7
경기시내,금강고속,4100900,240000093,41009169,9-8
경기시내,금강고속,4100900,240000094,41009170,8-8
경기시내,금강고속,4100900,240000095,41009172,4-11
경기시내,금강고속,4100900,240000096,41009173,5
경기시내,금강고속,4100900,240000098,41009174,5-7
경기시내,금강고속,4100900,240000099,41009175,5-8
경기시내,금강고속,4100900,240000100,41009178,6-4
경기시내,금강고속,4100900,240000102,41009177,7-9
경기시내,금강고속,4100900,240000103,41009176,7-12
경기시내,금강고속,4100900,240000104,41009149,8-3
경기시내,금강고속,4100900,240000105,41009171,2000-4
경기시내,금강고속,4100900,240000109,41009182,24
경기시내,금강고속,4100900,240000110,41009183,7-10
경기시내,금강고속,4100900,240000111,41009185,8-9
경기시내,금강고속,4100900,240000112,41009184,7-11
경기시내,금강고속,4100900,240000113,41009194,1-10
경기시내,금강고속,4100900,240000114,41009193,1-6
경기시내,금강고속,4100900,240000115,41009192,1-11
경기시내,금강고속,4100900,240000116,41009191,1-12
경기시내,금강고속,4100900,240000117,41009190,1-13
경기시내,금강고속,4100900,240000118,41009189,2-4
경기시내,금강고속,4100900,240000119,41009188,2-7
경기시내,금강고속,4100900,240000120,41009187,3
경기시내,금강고속,4100900,240000121,41009186,4-5
경기시내,금강고속,4100900,240000122,41009196,2-12
경기시내,금강고속,4100900,240000124,41009195,6-12
경기시내,금강고속,4100900,240000125,41009179,11
경기시내,금강고속,4100900,240000126,41009199,1-30
경기시내,금강고속,4100900,240000127,41009200,1-31
경기시내,금강고속,4100900,240000128,41009203,1-41
경기시내,금강고속,4100900,240000129,41009201,1-32
경기시내,금강고속,4100900,240000130,41009204,1-42
경기시내,금강고속,4100900,240000131,41009202,1-33
경기시내,금강고속,4100900,240000132,41009205,1-43
경기시내,금강고속,4100900,240000133,41009197,1-18
경기시내,금강고속,4100900,240000134,41009198,1-19
경기시내,금강고속,4100900,240000135,41009207,3-22
경기시내,금강고속,4100900,240000136,41009208,5-11
경기시내,금강고속,4100900,240000137,41009209,5-55
경기시내,금강고속,4100900,240000138,41009210,5-88
경기시내,금강고속,4100900,240000139,41009215,9-22
경기시내,금강고속,4100900,240000140,41009206,3-20
경기시내,금강고속,4100900,240000141,41009211,8-33
경기시내,금강고속,4100900,240000142,41009212,8-44
경기시내,금강고속,4100900,240000143,41009213,8-55
경기시내,금강고속,4100900,240000144,41009214,9-20
경기시내,금강고속,4100900,240000145,41009216,9-30
경기시내,금강고속,4100900,240000146,41009217,30
경기시내,김포운수,4101100,232000005,41071005,9008
경기시내,김포운수,4101100,232000006,41011010,1002
경기시내,김포운수,4101100,232000007,41011136,8000
경기시내,김포운수,4101100,232000016,41011112,69
경기시내,김포운수,4101100,232000017,41011111,60
경기시내,김포운수,4101100,232000020,41011120,공영학운
경기시내,김포운수,4101100,232000024,41011119,공영쇄암
경기시내,김포운수,4101100,232000025,41011116,60-3
경기시내,김포운수,4101100,232000047,41011129,8600
경기시내,김포운수,4101100,232000071,41011900,M6117
경기시내,김포운수,4101100,232000072,41011134,8601
경기시내,김포운수,4101100,232000073,41011135,1004
경기시내,김포운수,4101100,232000075,41011901,M6427
경기시내,김포운수,4101100,232000081,41011141,6427
경기시내,김포운수,4101100,232000082,41011139,1
경기시내,김포운수,4101100,232000083,41011140,1-1
경기시내,김포운수,4101100,232000090,41011143,G6000
경기시내,김포운수,4101100,232000094,41011144,G6001
경기시내,김포운수,4101100,232000096,41011145,4
경기시내,김포운수,4101100,232000097,41011146,4-1
경기시내,김포운수,4101100,232000098,41011147,8601A
경기시내,남양여객,4101200,200000008,41012101,400
경기시내,남양여객,4101200,200000012,41012102,990
경기시내,남양여객,4101200,200000013,41012103,999
경기시내,남양여객,4101200,200000014,41012105,50-3
경기시내,남양여객,4101200,200000016,41012104,50-2
경기시내,남양여객,4101200,200000018,41012106,50-4
경기시내,남양여객,4101200,200000020,41012107,50-5
경기시내,남양여객,4101200,200000022,41012108,50-6
경기시내,남양여객,4101200,200000060,41031001,11
경기시내,남양여객,4101200,200000122,41012111,999-1
경기시내,남양여객,4101200,200000183,41012112,400-4
경기시내,남양여객,4101200,200000261,41012113,400-5
경기시내,남양여객,4101200,200000268,41012114,400-2
경기시내,대명운수,4101300,204000004,41013005,6
경기시내,대명운수,4101300,204000005,41013003,57
경기시내,대명운수,4101300,204000007,41013013,357
경기시내,대명운수,4101300,204000024,41013007,9407
경기시내,대명운수,4101300,204000032,41013009,240
경기시내,대명운수,4101300,204000044,41013010,350
경기시내,대양운수,4101400,215000001,41014111,50-1
경기시내,대양운수,4101400,215000003,41014112,50-2
경기시내,대양운수,4101400,215000004,41014002,50
경기시내,대양운수,4101400,215000005,41014101,51
경기시내,대양운수,4101400,215000006,41014102,51-1
경기시내,대양운수,4101400,215000007,41014113,51-2
경기시내,대양운수,4101400,215000008,41014114,52
경기시내,대양운수,4101400,215000009,41014115,52-1
경기시내,대양운수,4101400,215000010,41014103,53-6
경기시내,대양운수,4101400,215000012,41014105,53-1
경기시내,대양운수,4101400,215000013,41014117,53-5
경기시내,대양운수,4101400,215000014,41014119,55
경기시내,대양운수,4101400,215000015,41014107,56
경기시내,대양운수,4101400,215000016,41014120,57
경기시내,대양운수,4101400,215000017,41014126,59
경기시내,대양운수,4101400,215000018,41014124,58-3
경기시내,대양운수,4101400,215000019,41014123,58-2
경기시내,대양운수,4101400,215000021,41014121,58
경기시내,대양운수,4101400,215000022,41014122,58-1
경기시내,대양운수,4101400,215000023,41014128,100-2
경기시내,대양운수,4101400,215000024,41014127,100-1
경기시내,대양운수,4101400,215000025,41014108,1
경기시내,대양운수,4101400,215000026,41014022,1-1
경기시내,대양운수,4101400,215000027,41014110,1-2
경기시내,대양운수,4101400,215000028,41014125,58-4
경기시내,대양운수,4101400,215000029,41014118,54
경기시내,대양운수,4101400,215000030,41014109,100
경기시내,대양운수,4101400,215000032,41014116,52-2
경기시내,대양운수,4101400,215000033,41014144,1-3
경기시내,대양운수,4101400,215000035,41014146,1-5
경기시내,대양운수,4101400,215000036,41014147,1-6
경기시내,대양운수,4101400,215000037,41014148,1-7
경기시내,대양운수,4101400,215000038,41014149,1-8
경기시내,대양운수,4101400,215000040,41014142,1-10
경기시내,대양운수,4101400,215000041,41014143,1-11
경기시내,대양운수,4101400,215000044,41014154,51-3
경기시내,대양운수,4101400,215000045,41014155,51-4
경기시내,대양운수,4101400,215000046,41014156,51-5
경기시내,대양운수,4101400,215000047,41014157,51-6
경기시내,대양운수,4101400,215000052,41014184,60
경기시내,대양운수,4101400,215000053,41014185,60-1
경기시내,대양운수,4101400,215000054,41014186,60-2
경기시내,대양운수,4101400,215000055,41014187,60-3
경기시내,대양운수,4101400,215000060,41014160,52-4
경기시내,대양운수,4101400,215000062,41014190,61
경기시내,대양운수,4101400,215000063,41014191,61-1
경기시내,대양운수,4101400,215000064,41014192,61-2
경기시내,대양운수,4101400,215000065,41014193,61-3
경기시내,대양운수,4101400,215000066,41014194,61-4
경기시내,대양운수,4101400,215000067,41014195,61-5
경기시내,대양운수,4101400,215000068,41014196,61-6
경기시내,대양운수,4101400,215000069,41014197,61-7
경기시내,대양운수,4101400,215000070,41014161,53
경기시내,대양운수,4101400,215000072,41014131,53-4
경기시내,대양운수,4101400,215000074,41014165,53-8
경기시내,대양운수,4101400,215000077,41014168,54-3
경기시내,대양운수,4101400,215000080,41014171,55-2
경기시내,대양운수,4101400,215000081,41014172,55-3
경기시내,대양운수,4101400,215000083,41014174,56-1
경기시내,대양운수,4101400,215000084,41014175,56-2
경기시내,대양운수,4101400,215000085,41014178,57-1
경기시내,대양운수,4101400,215000086,41014179,57-2
경기시내,대양운수,4101400,215000088,41014180,58-5
경기시내,대양운수,4101400,215000089,41014181,58-6
경기시내,대양운수,4101400,215000094,41014176,56-3
경기시내,대양운수,4101400,215000096,41014198,53-10
경기시내,대양운수,4101400,215000097,41014199,57-3
경기시내,대양운수,4101400,215000102,41014204,55-6
경기시내,대양운수,4101400,215000104,41014206,50-5
경기시내,대양운수,4101400,215000105,41014207,60-6
경기시내,대양운수,4101400,215000106,41014208,61-8
경기시내,대양운수,4101400,215000107,41014214,1-12
경기시내,대양운수,4101400,215000108,41014215,51-8
경기시내,대양운수,4101400,215000109,41014216,51-9
경기시내,대양운수,4101400,215000110,41014209,51-11
경기시내,대양운수,4101400,215000111,41014210,51-12
경기시내,대양운수,4101400,215000112,41014211,51-13
경기시내,대양운수,4101400,215000113,41014212,60-7
경기시내,대양운수,4101400,215000114,41014213,60-8
경기시내,대양운수,4101400,215000118,41014220,2
경기시내,대양운수,4101400,215000119,41014221,2-1
경기시내,대양운수,4101400,215000121,41014223,2-3
경기시내,대양운수,4101400,215000122,41014224,2-4
경기시내,대양운수,4101400,215000123,41014225,2-5
경기시내,대양운수,4101400,215000124,41014226,2-6
경기시내,대양운수,4101400,215000126,41014228,57-4
경기시내,대양운수,4101400,215000127,41014229,1-13
경기시내,대양운수,4101400,215000129,41014230,53-11
경기시내,대양운수,4101400,215000130,41014231,53-12
경기시내,대양운수,4101400,215000131,41014232,53-13
경기시내,대양운수,4101400,215000133,41014240,55-9
경기시내,대양운수,4101400,215000134,41014234,55-10
경기시내,대양운수,4101400,215000136,41014236,55-12
경기시내,대양운수,4101400,215000138,41014238,55-14
경기시내,대양운수,4101400,215000139,41014241,62
경기시내,대양운수,4101400,215000140,41014242,62-1
경기시내,대양운수,4101400,215000141,41014243,62-2
경기시내,대양운수,4101400,215000142,41014244,62-3
경기시내,대양운수,4101400,215000143,41014245,62-4
경기시내,대양운수,4101400,215000144,41014246,62-5
경기시내,대양운수,4101400,215000146,41014247,56-7
경기시내,대양운수,4101400,215000147,41014248,55-15
경기시내,대양운수,4101400,215000148,41014249,55-16
경기시내,대양운수,4101400,215000149,41014250,58-7
경기시내,대양운수,4101400,215000150,41014251,58-8
경기시내,대양운수,4101400,215000151,41014252,58-9
경기시내,대양운수,4101400,215000152,41014253,58-10
경기시내,대양운수,4101400,215000153,41014254,58-11
경기시내,대양운수,4101400,215000155,41014256,59-3
경기시내,대양운수,4101400,215000156,41014257,59-4
경기시내,대양운수,4101400,215000157,41014159,52-3
경기시내,대양운수,4101400,215000158,41014104,53-3
경기시내,대양운수,4101400,215000162,41014255,1-14
경기시내,대양운수,4101400,215000163,41014260,58-12
경기시내,대양운수,4101400,215000164,41014261,56-8
경기시내,대양운수,4101400,215000165,41014262,56-9
경기시내,대양운수,4101400,215000167,41014219,60-9
경기시내,대양운수,4101400,215000168,41014263,50-6
경기시내,대양운수,4101400,215000169,41014222,2-2
경기시내,대양운수,4101400,215000170,41014264,55-1
경기시내,도원교통,4101500,210000001,41015002,50
경기시내,도원교통,4101500,210000002,41015001,12-1
경기시내,도원교통,4101500,210000003,41015003,50-1
경기시내,명성운수,4101600,218000010,41016044,1500
경기시내,명성운수,4101600,218000011,41016045,1100
경기시내,명성운수,4101600,218000020,41016900,M7129
경기시내,명성운수,4101600,219000001,41016001,11
경기시내,명성운수,4101600,219000004,41016033,871
경기시내,명성운수,4101600,219000005,41016023,800
경기시내,명성운수,4101600,219000006,41016018,1082
경기시내,명성운수,4101600,219000007,41016026,108
경기시내,명성운수,4101600,219000013,41016025,1000
경기시내,명성운수,4101600,219000014,41016017,770
경기시내,명성운수,4101600,219000015,41016024,921
경기시내,명성운수,4101600,219000016,41016027,1200
경기시내,명성운수,4101600,219000021,41016031,72
경기시내,명성운수,4101600,219000023,41016021,870
경기시내,명성운수,4101600,219000025,41516001,3300
경기시내,명성운수,4101600,219000026,41016029,9700
경기시내,명성운수,4101600,219000027,41016042,1900
경기시내,명성운수,4101600,229000017,41016019,830
경기시내,명성운수,4101600,229000018,41016030,66
경기시내,명진여객,4101700,207000002,41017005,72-1
경기시내,명진여객,4101700,207000003,41017001,10
경기시내,명진여객,4101700,207000004,41017011,10-1
경기시내,명진여객,4101700,207000009,41017003,1-1
경기시내,명진여객,4101700,207000012,41017101,111
경기시내,명진여객,4101700,207000013,41017009,25
경기시내,명진여객,4101700,207000015,41017006,21
경기시내,명진여객,4101700,207000052,41040020,1-5
경기시내,명진여객,4101700,207000068,41017106,25-1
경기시내,명진여객,4101700,207000080,41017102,1-2
경기시내,명진여객,4101700,207000085,41017103,10-2
경기시내,명진여객,4101700,207000088,41017111,1-3
경기시내,명진여객,4101700,207000089,41017112,26
경기시내,명진여객,4101700,207000091,41017113,27
경기시내,명진여객,4101700,207000092,41017104,21-1
경기시내,명진여객,4101700,207000093,41017105,10-3
경기시내,명진여객,4101700,229000032,41017110,34
경기시내,명진여객,4101700,229000036,41017109,360
경기시내,백성운수,4101800,231000005,41018029,370
경기시내,백성운수,4101800,231000006,41018004,70
경기시내,백성운수,4101800,231000007,41018020,1
경기시내,백성운수,4101800,231000011,41018116,1-3
경기시내,백성운수,4101800,231000012,41018009,2
경기시내,백성운수,4101800,231000013,41018031,2-1
경기시내,백성운수,4101800,231000014,41018023,2-2
경기시내,백성운수,4101800,231000015,41018032,2-3
경기시내,백성운수,4101800,231000016,41018024,7-1
경기시내,백성운수,4101800,231000018,41018115,1-1
경기시내,백성운수,4101800,231000019,41018159,1-2
경기시내,백성운수,4101800,231000020,41018117,1-4
경기시내,백성운수,4101800,231000021,41018118,1-6
경기시내,백성운수,4101800,231000023,41018148,1-9
경기시내,백성운수,4101800,231000024,41018161,1-8
경기시내,백성운수,4101800,231000025,41018101,7
경기시내,백성운수,4101800,231000026,41018016,7-2
경기시내,백성운수,4101800,231000027,41018015,7-4
경기시내,백성운수,4101800,231000028,41018139,7-3
경기시내,백성운수,4101800,231000029,41018003,15-1
경기시내,백성운수,4101800,231000030,41018124,15-2
경기시내,백성운수,4101800,231000031,41018006,15-3
경기시내,백성운수,4101800,231000032,41018010,15
경기시내,백성운수,4101800,231000033,41018033,60
경기시내,백성운수,4101800,231000034,41018113,60-3
경기시내,백성운수,4101800,231000035,41018111,60-1
경기시내,백성운수,4101800,231000037,41018005,20
경기시내,백성운수,4101800,231000040,41018132,20-3
경기시내,백성운수,4101800,231000041,41018149,20-2
경기시내,백성운수,4101800,231000042,41018150,20-6
경기시내,백성운수,4101800,231000045,41018013,100
경기시내,백성운수,4101800,231000046,41018143,100-1
경기시내,백성운수,4101800,231000047,41018144,100-2
경기시내,백성운수,4101800,231000049,41018106,50-2
경기시내,백성운수,4101800,231000050,41018107,50-3
경기시내,백성운수,4101800,231000051,41018105,50-1
경기시내,백성운수,4101800,231000053,41018109,50-5
경기시내,백성운수,4101800,231000054,41018156,50-6
경기시내,백성운수,4101800,231000056,41018110,50-7
경기시내,백성운수,4101800,231000058,41018030,17
경기시내,백성운수,4101800,231000059,41018019,35
경기시내,백성운수,4101800,231000061,41018126,3-2
경기시내,백성운수,4101800,231000062,41018125,3-1
경기시내,백성운수,4101800,231000064,41018152,3-3
경기시내,백성운수,4101800,231000065,41018127,3-4
경기시내,백성운수,4101800,231000067,41018128,3-5
경기시내,백성운수,4101800,231000068,41018130,3-7
경기시내,백성운수,4101800,231000069,41018131,3-8
경기시내,백성운수,4101800,231000070,41018002,3-9
경기시내,백성운수,4101800,231000071,41018160,3-11
경기시내,백성운수,4101800,231000072,41018018,3
경기시내,백성운수,4101800,231000073,41018120,2-5
경기시내,백성운수,4101800,231000074,41018121,2-6
경기시내,백성운수,4101800,231000075,41018123,2-8
경기시내,백성운수,4101800,231000078,41018140,10-2
경기시내,백성운수,4101800,231000081,41018146,10-6
경기시내,백성운수,4101800,231000082,41018145,10-4
경기시내,백성운수,4101800,231000085,41018014,5
경기시내,백성운수,4101800,231000086,41018135,5-2
경기시내,백성운수,4101800,231000088,41018134,5-1
경기시내,백성운수,4101800,231000090,41018103,38-1
경기시내,백성운수,4101800,231000094,41018001,37
경기시내,백성운수,4101800,231000099,41018164,50-8
경기시내,백성운수,4101800,231000100,41018162,7-5
경기시내,백성운수,4101800,231000101,41018163,7-6
경기시내,백성운수,4101800,231000103,41018167,7-7
경기시내,백성운수,4101800,231000105,41018170,5-5
경기시내,백성운수,4101800,231000106,41018169,100-3
경기시내,백성운수,4101800,231000108,41018173,35-2
경기시내,백성운수,4101800,231000109,41018171,15-4
경기시내,백성운수,4101800,231000111,41018175,7-8
경기시내,백성운수,4101800,231000118,41018182,380
경기시내,백성운수,4101800,231000119,41018183,10-7
경기시내,백성운수,4101800,231000121,41018184,20-1
경기시내,백성운수,4101800,231000122,41018185,10-8
경기시내,백성운수,4101800,231000125,41018188,2-11
경기시내,백성운수,4101800,231000126,41018189,1-5
경기시내,백성운수,4101800,231000128,41018174,37-1
경기시내,부천버스,4101900,210000074,41019012,88-1
경기시내,부천버스,4101900,212000001,41019001,88
경기시내,부천버스,4101900,212000002,41019006,83
경기시내,부천버스,4101900,212000003,41019004,10
경기시내,삼경운수,4102000,200000006,41020001,300
경기시내,삼경운수,4102000,200000120,41020002,2007
경기시내,삼영운수,4102100,208000007,41021022,1
경기시내,삼영운수,4102100,208000008,41021021,3
경기시내,삼영운수,4102100,208000009,41021017,81
경기시내,삼영운수,4102100,208000010,41021015,8-1
경기시내,삼영운수,4102100,208000011,41021018,8-2
경기시내,삼영운수,4102100,208000012,41021014,88
경기시내,삼영운수,4102100,208000013,41021019,6
경기시내,삼영운수,4102100,208000014,41021020,20
경기시내,삼영운수,4102100,208000015,41021027,5-2
경기시내,삼영운수,4102100,208000016,41021026,5
경기시내,삼영운수,4102100,208000017,41021028,51
경기시내,삼영운수,4102100,208000018,41021029,60
경기시내,삼영운수,4102100,208000019,41021102,9
경기시내,삼영운수,4102100,208000020,41021103,9-3
경기시내,삼영운수,4102100,208000021,41021030,1-2
경기시내,삼영운수,4102100,208000024,41021024,1-1
경기시내,삼영운수,4102100,208000028,41021016,8
경기시내,삼영운수,4102100,208000030,41021105,52
경기시내,삼영운수,4102100,208000034,41021106,3-1
경기시내,삼영운수,4102100,208000035,41021107,52-1
경기시내,삼영운수,4102100,208000036,41021033,1-5
경기시내,삼영운수,4102100,208000038,41021037,6-3
경기시내,삼영운수,4102100,208000039,41021036,60-1
경기시내,삼영운수,4102100,208000041,41021038,80
경기시내,삼영운수,4102100,208000062,41021039,82
경기시내,삼영운수,4102100,208000063,41021900,M5333
경기시내,서울고속,4102200,214000002,41022101,3
경기시내,서울고속,4102200,214000003,41022110,3-1
경기시내,서울고속,4102200,214000004,41022001,20
경기시내,서울고속,4102200,214000005,41022102,15
경기시내,서울고속,4102200,214000007,41022108,15-1
경기시내,서울고속,4102200,214000010,41022109,15-2
경기시내,서울고속,4102200,214000011,41022112,110
경기시내,서울고속,4102200,214000012,41022104,57
경기시내,서울고속,4102200,214000013,41022106,57-1
경기시내,서울고속,4102200,214000015,41022107,7
경기시내,서울고속,4102200,214000016,41022117,7-3
경기시내,서울고속,4102200,214000017,41022118,7-4
경기시내,서울고속,4102200,214000019,41022121,7-1
경기시내,서울고속,4102200,214000020,41022111,7-2
경기시내,서울고속,4102200,214000021,41022002,8
경기시내,서울고속,4102200,214000024,41022120,8-2
경기시내,서울고속,4102200,214000026,41022122,100
경기시내,서울고속,4102200,214000027,41022123,100-1
경기시내,서울고속,4102200,214000028,41022124,100-2
경기시내,서울고속,4102200,214000030,41022113,15-4
경기시내,서울고속,4102200,214000034,41022105,57-2
경기시내,서울고속,4102200,214000106,41022127,3-3
경기시내,서울고속,4102200,214000107,41022128,15-3
경기시내,서울고속,4102200,214000108,41022129,49-4
경기시내,서울고속,4102200,214000147,41022132,7-5
경기시내,서울고속,4102200,214000154,41022133,3-5
경기시내,서울고속,4102200,214000162,41022134,7-6
경기시내,서울고속,4102200,214000163,41022135,3-2
경기시내,서울고속,4102200,214000168,41022137,6
경기시내,서울고속,4102200,214000172,41022138,7-7
경기시내,서울고속,4102200,214000182,41022136,5
경기시내,서울고속,4102200,214000194,41068201,999
경기시내,서울고속,4102200,214000241,41022139,20-1
경기시내,서울고속,4102200,214000244,41022140,1000
경기시내,서울고속,4102200,214000245,41022141,6-1
경기시내,선진시내버스,4102300,207000070,41023121,3100
경기시내,선진시내버스,4102300,236000052,41023152,72-3
경기시내,선진시내버스,4102300,236000058,41023106,66-1
경기시내,선진시내버스,4102300,236000061,41023107,138-5
경기시내,선진시내버스,4102300,236000066,41023102,33
경기시내,선진시내버스,4102300,236000068,41023116,7
경기시내,선진시내버스,4102300,236000070,41023103,66
경기시내,선진시내버스,4102300,236000137,41023126,7-2
경기시내,선진시내버스,4102300,236000140,41023130,8
경기시내,선진시내버스,4102300,236000149,41023132,3200
경기시내,선진시내버스,4102300,236000153,41023133,9
경기시내,선진시내버스,4102300,236000154,41023134,10
경기시내,선진시내버스,4102300,236000167,41023109,138-7
경기시내,선진시내버스,4102300,236000176,41023150,3500
경기시내,선진시내버스,4102300,236000188,41023117,7-1
경기시내,선진시내버스,4102300,236000190,41023151,3600
경기시내,선진시내버스,4102300,236000207,41023154,11
경기시내,선진시내버스,4102300,236000211,41023155,11-1
경기시내,선진시내버스,4102300,236000212,41023156,11-2
경기시내,선진시내버스,4102300,236000213,41023135,10-1
경기시내,선진시내버스,4102300,236000214,41023142,10-2
경기시내,성남시내버스,4102600,204000009,41026044,310
경기시내,성남시내버스,4102600,204000010,41026016,15
경기시내,성남시내버스,4102600,204000012,41026006,50
경기시내,성남시내버스,4102600,204000013,41026005,60
경기시내,성남시내버스,4102600,204000014,41026001,88
경기시내,성남시내버스,4102600,204000015,41026010,55-1
경기시내,성남시내버스,4102600,204000017,41026004,55
경기시내,성남시내버스,4102600,204000018,41026014,100
경기시내,성남시내버스,4102600,204000019,41026007,33-1
경기시내,성남시내버스,4102600,204000020,41026013,33
경기시내,성남시내버스,4102600,204000021,41026012,51
경기시내,성남시내버스,4102600,204000022,41026009,220
경기시내,성남시내버스,4102600,204000026,41026021,52
경기시내,성남시내버스,4102600,204000029,41026024,200
경기시내,성남시내버스,4102600,204000039,41026030,330
경기시내,성남시내버스,4102600,204000040,41026028,340
경기시내,성남시내버스,4102600,204000048,41026032,250
경기시내,성남시내버스,4102600,204000056,41026031,4000
경기시내,성남시내버스,4102600,204000059,41026033,9507
경기시내,성남시내버스,4102600,204000065,41026036,9607
경기시내,성남시내버스,4102600,204000067,41026037,340-1
경기시내,성남시내버스,4102600,204000073,41026029,15-1
경기시내,성남시내버스,4102600,204000076,41026015,82
경기시내,성남시내버스,4102600,204000077,41026039,330출
경기시내,성남시내버스,4102600,204000079,41026040,380
경기시내,성남시내버스,4102600,204000083,41026041,100출
경기시내,성남시내버스,4102600,204000084,41026042,331
경기시내,성남시내버스,4102600,204000131,41026043,370
경기시내,성우운수,4102700,200000010,41027004,900
경기시내,성우운수,4102700,200000015,41027001,909
경기시내,성우운수,4102700,200000024,41027008,310
경기시내,성우운수,4102700,200000028,41027009,301
경기시내,성우운수,4102700,200000031,41027010,300-1
경기시내,성우운수,4102700,204000056,41026031,4000
경기시내,소신여객,4103000,210000012,41030014,70-2
경기시내,소신여객,4103000,210000013,41030001,3
경기시내,소신여객,4103000,210000014,41030002,5
경기시내,소신여객,4103000,210000016,41030019,5-3
경기시내,소신여객,4103000,210000017,41030020,5-4
경기시내,소신여객,4103000,210000018,41030021,5-5
경기시내,소신여객,4103000,210000019,41030003,6
경기시내,소신여객,4103000,210000020,41030024,7-1
경기시내,소신여객,4103000,210000024,41030004,8
경기시내,소신여객,4103000,210000026,41030006,11
경기시내,소신여객,4103000,210000029,41030016,23-1
경기시내,소신여객,4103000,210000032,41030022,23-5
경기시내,소신여객,4103000,210000033,41030017,23-2
경기시내,소신여객,4103000,210000034,41030009,70
경기시내,소신여객,4103000,210000036,41030015,70-3
경기시내,소신여객,4103000,210000037,41030010,71
경기시내,소신여객,4103000,210000038,41030011,75
경기시내,소신여객,4103000,210000039,41030012,700
경기시내,소신여객,4103000,210000046,41030029,6-2
경기시내,소신여객,4103000,210000060,41030033,23
경기시내,소신여객,4103000,210000073,41030037,25
경기시내,소신여객,4103000,212000006,41019002,16
경기시내,수원여객,4103100,200000023,41031018,83-1
경기시내,수원여객,4103100,200000025,41031019,92
경기시내,수원여객,4103100,200000029,41031020,92-1
경기시내,수원여객,4103100,200000032,41031003,16
경기시내,수원여객,4103100,200000034,41031028,16-2
경기시내,수원여객,4103100,200000037,41031002,13
경기시내,수원여객,4103100,200000040,41031109,7-2
경기시내,수원여객,4103100,200000042,41031048,63
경기시내,수원여객,4103100,200000043,41031013,64
경기시내,수원여객,4103100,200000045,41031108,7-1
경기시내,수원여객,4103100,200000048,41031042,82-2
경기시내,수원여객,4103100,200000049,41031009,112
경기시내,수원여객,4103100,200000051,41031027,16-1
경기시내,수원여객,4103100,200000053,41031004,20
경기시내,수원여객,4103100,200000054,41031016,82-1
경기시내,수원여객,4103100,200000055,41031030,25
경기시내,수원여객,4103100,200000056,41031105,25-2
경기시내,수원여객,4103100,200000058,41031007,45
경기시내,수원여객,4103100,200000061,41031055,36
경기시내,수원여객,4103100,200000064,41031005,32
경기시내,수원여객,4103100,200000065,41031032,32-1
경기시내,수원여객,4103100,200000066,41031072,26
경기시내,수원여객,4103100,200000067,41031049,63-1
경기시내,수원여객,4103100,200000069,41031024,13-1
경기시내,수원여객,4103100,200000070,41031110,11-1
경기시내,수원여객,4103100,200000074,41031052,27
경기시내,수원여객,4103100,200000076,41031046,5
경기시내,수원여객,4103100,200000077,41031107,5-1
경기시내,수원여객,4103100,200000078,41031040,62-1
경기시내,수원여객,4103100,200000085,41036108,98
경기시내,수원여객,4103100,200000088,41036104,39
경기시내,수원여객,4103100,200000090,41036111,13-5
경기시내,수원여객,4103100,200000095,41036102,3
경기시내,수원여객,4103100,200000097,41036110,2-1
경기시내,수원여객,4103100,200000099,41036103,37
경기시내,수원여객,4103100,200000129,41031113,25-1
경기시내,수원여객,4103100,200000133,41031126,32-2
경기시내,수원여객,4103100,200000134,41031115,32-5
경기시내,수원여객,4103100,200000146,41031118,80
경기시내,수원여객,4103100,200000147,41031120,27-1
경기시내,수원여객,4103100,200000148,41031121,35
경기시내,수원여객,4103100,200000157,41036116,2-2
경기시내,수원여객,4103100,200000166,41036120,1
경기시내,수원여객,4103100,200000182,41031065,20-1
경기시내,수원여객,4103100,200000185,41031132,13-4
경기시내,수원여객,4103100,200000197,41031056,85
경기시내,수원여객,4103100,200000202,41031134,61
경기시내,수원여객,4103100,200000206,41031136,5-4
경기시내,수원여객,4103100,200000208,41031125,81
경기시내,수원여객,4103100,200000211,41036044,18
경기시내,수원여객,4103100,200000231,41031138,54
경기시내,수원여객,4103100,200000234,41031139,25-5
경기시내,수원여객,4103100,200000236,41031140,32-3
경기시내,수원여객,4103100,200000237,41031141,5-2
경기시내,수원여객,4103100,200000265,41008170,30-1
경기시내,수원여객,4103100,200000272,41031143,32-4
경기시내,수원여객,4103100,233000083,41008148,30
경기시내,수원여객,4103100,233000087,41008152,42
경기시내,시흥교통,4103200,210000027,41032033,12
경기시내,시흥교통,4103200,216000040,41007114,97
경기시내,시흥교통,4103200,216000047,41007118,5602
경기시내,시흥교통,4103200,224000002,41032001,21
경기시내,시흥교통,4103200,224000003,41032006,23
경기시내,시흥교통,4103200,224000004,41032009,31
경기시내,시흥교통,4103200,224000005,41032004,31-9
경기시내,시흥교통,4103200,224000007,41032005,25
경기시내,시흥교통,4103200,224000008,41032008,510
경기시내,시흥교통,4103200,224000010,41032007,63
경기시내,시흥교통,4103200,224000011,41032010,20-1
경기시내,시흥교통,4103200,224000018,41032012,20
경기시내,시흥교통,4103200,224000019,41032013,3200
경기시내,시흥교통,4103200,224000020,41032014,26
경기시내,시흥교통,4103200,224000021,41032015,28
경기시내,시흥교통,4103200,224000022,41032016,29
경기시내,시흥교통,4103200,224000024,41032018,520
경기시내,시흥교통,4103200,224000027,41032021,26-1
경기시내,시흥교통,4103200,224000028,41032022,31-3
경기시내,시흥교통,4103200,224000029,41032023,530
경기시내,시흥교통,4103200,224000030,41032011,36
경기시내,시흥교통,4103200,224000032,41032025,120
경기시내,시흥교통,4103200,224000033,41032026,7
경기시내,시흥교통,4103200,224000034,41032027,99-2
경기시내,시흥교통,4103200,224000035,41032028,99-3
경기시내,시흥교통,4103200,224000036,41032029,11-A
경기시내,시흥교통,4103200,224000037,41032030,11-B
경기시내,시흥교통,4103200,224000038,41032031,11-C
경기시내,시흥교통,4103200,224000040,41032034,5604
경기시내,시흥교통,4103200,224000045,41032024,37
경기시내,시흥교통,4103200,224000046,41032037,37-1
경기시내,시흥교통,4103200,224000047,41032038,3300
경기시내,시흥교통,4103200,224000048,41032035,28-1
경기시내,시흥교통,4103200,224000049,41032036,29-1
경기시내,시흥교통,4103200,224000050,41032039,3400
경기시내,신성여객,4103300,229000020,41033132,80
경기시내,신성여객,4103300,229000022,41033025,900
경기시내,신성여객,4103300,229000025,41033003,3
경기시내,신성여객,4103300,229000028,41033019,200
경기시내,신성여객,4103300,229000034,41033131,70
경기시내,신성여객,4103300,229000038,41033012,90
경기시내,신성여객,4103300,229000039,41033021,567
경기시내,신성여객,4103300,229000041,41033017,150
경기시내,신성여객,4103300,229000043,41033007,9
경기시내,신성여객,4103300,229000061,41033110,2200
경기시내,신성여객,4103300,229000062,41033111,38
경기시내,신성여객,4103300,229000067,41033115,600
경기시내,신성여객,4103300,229000071,41033139,99
경기시내,신성여객,4103300,229000072,41033148,G7111
경기시내,신성여객,4103300,229000083,41033150,9030-1
경기시내,신성여객,4103300,229000087,41033123,56
경기시내,신성여객,4103300,229000088,41033124,52
경기시내,신성여객,4103300,229000097,41033126,9030
경기시내,신성여객,4103300,229000116,41033143,77-1
경기시내,신성여객,4103300,229000117,41033144,77-2
경기시내,신성여객,4103300,229000118,41033145,77-3
경기시내,신성여객,4103300,229000119,41033146,77-4
경기시내,신성여객,4103300,229000120,41033147,77-5
경기시내,신성여객,4103300,229000136,41033151,20-1
경기시내,신성여객,4103300,229000138,41033036,20
경기시내,신성여객,4103300,229000235,41033154,7700
경기시내,신일여객,4103400,229000001,41034001,11
경기시내,신일여객,4103400,229000002,41034107,11-1
경기시내,신일여객,4103400,229000003,41034005,12
경기시내,신일여객,4103400,229000009,41034104,19
경기시내,신일여객,4103400,229000010,41034011,30
경기시내,신일여객,4103400,229000013,41034013,17
경기시내,신일여객,4103400,229000014,41034002,12-1
경기시내,신일여객,4103400,229000015,41034101,11-2
경기시내,신일여객,4103400,229000016,41034102,11-3
경기시내,신일여객,4103400,229000023,41034123,9710
경기시내,신일여객,4103400,229000027,41033102,31
경기시내,신일여객,4103400,229000033,41034125,93
경기시내,신일여객,4103400,229000042,41034118,92
경기시내,신일여객,4103400,229000064,41034111,22
경기시내,신일여객,4103400,229000076,41034112,22-1
경기시내,신일여객,4103400,229000084,41034126,37
경기시내,신일여객,4103400,229000085,41034113,11-1-1
경기시내,신일여객,4103400,229000086,41034114,19-1
경기시내,신일여객,4103400,229000101,41034115,10
경기시내,신일여객,4103400,229000108,41034124,95
경기시내,신일여객,4103400,229000121,41034122,15
경기시내,신일여객,4103400,229000122,41034119,14-3
경기시내,신일여객,4103400,229000123,41034120,14-2
경기시내,신일여객,4103400,229000127,41034130,93-3
경기시내,신일여객,4103400,229000128,41034131,93-4
경기시내,신일여객,4103400,229000129,41034132,93-5
경기시내,신일여객,4103400,229000130,41034133,93-6
경기시내,신일여객,4103400,229000131,41034134,93-7
경기시내,신일여객,4103400,229000132,41034127,37-1
경기시내,신일여객,4103400,229000133,41034128,37-2
경기시내,신일여객,4103400,229000134,41034135,93-8
경기시내,신일여객,4103400,229000135,41034136,93-9
경기시내,신일여객,4103400,229000137,41034129,93-1
경기시내,신일여객,4103400,229000139,41034137,93-10
경기시내,신일여객,4103400,229000140,41034138,93-2
경기시내,신일여객,4103400,229000141,41034121,14-1
경기시내,신일여객,4103400,229000143,41034139,92-1
경기시내,연천교통,4103500,238000005,41035103,39-2
경기시내,연천교통,4103500,238000006,41035102,39-8
경기시내,연천교통,4103500,238000009,41035105,38-1
경기시내,연천교통,4103500,238000010,41035108,38-5
경기시내,연천교통,4103500,238000011,41035107,38-7
경기시내,연천교통,4103500,238000012,41035106,38-3
경기시내,연천교통,4103500,238000013,41035109,38-6
경기시내,연천교통,4103500,238000021,41035113,38-8
경기시내,연천교통,4103500,238000022,41035114,38-9
경기시내,연천교통,4103500,238000023,41035115,38-10
경기시내,연천교통,4103500,238000024,41035116,70
경기시내,연천교통,4103500,238000025,41035117,70-1
경기시내,연천교통,4103500,238000026,41035118,70-2
경기시내,연천교통,4103500,238000027,41035119,70-3
경기시내,용남고속,4103600,200000025,41031019,92
경기시내,용남고속,4103600,200000029,41031020,92-1
경기시내,용남고속,4103600,200000085,41036108,98
경기시내,용남고속,4103600,200000090,41036111,13-5
경기시내,용남고속,4103600,200000093,41036105,51
경기시내,용남고속,4103600,200000095,41036102,3
경기시내,용남고속,4103600,200000097,41036110,2-1
경기시내,용남고속,4103600,200000099,41036103,37
경기시내,용남고속,4103600,200000101,41036026,4-1
경기시내,용남고속,4103600,200000103,41036032,9
경기시내,용남고속,4103600,200000106,41036006,46
경기시내,용남고속,4103600,200000107,41036012,88
경기시내,용남고속,4103600,200000110,41036018,3007
경기시내,용남고속,4103600,200000112,41036021,7000
경기시내,용남고속,4103600,200000115,41036019,5100
경기시내,용남고속,4103600,200000119,41036022,7001
경기시내,용남고속,4103600,200000144,41036113,99
경기시내,용남고속,4103600,200000145,41036112,3002
경기시내,용남고속,4103600,200000152,41036115,15-1
경기시내,용남고속,4103600,200000186,41036123,9-1
경기시내,용남고속,4103600,200000196,41036039,99-2
경기시내,용남고속,4103600,200000199,41036040,88-1
경기시내,용남고속,4103600,200000201,41036042,9-2
경기시내,용남고속,4103600,200000205,41036043,8800
경기시내,용남고속,4103600,200000211,41036044,18
경기시내,용남고속,4103600,200000239,41036128,22
경기시내,용남고속,4103600,200000240,41036129,22-2
경기시내,용남고속,4103600,200000262,41036133,G5100
경기시내,용남고속,4103600,200000266,41036134,19
경기시내,용남고속,4103600,200000269,41036135,123A
경기시내,용남고속,4103600,200000270,41036136,123B
경기시내,용남고속,4103600,200000273,41036138,1005
경기시내,용남고속,4103600,233000011,41036131,34
경기시내,용남고속,4103600,233000012,41036132,34-1
경기시내,진흥고속,4103800,220000011,41038179,31-20
경기시내,진흥고속,4103800,239000001,41038109,32-5
경기시내,진흥고속,4103800,239000002,41038115,33-4
경기시내,진흥고속,4103800,239000005,41038103,31-2
경기시내,진흥고속,4103800,239000006,41038122,31-3
경기시내,진흥고속,4103800,239000007,41038104,31-4
경기시내,진흥고속,4103800,239000010,41038123,31-5
경기시내,진흥고속,4103800,239000011,41038125,31-8
경기시내,진흥고속,4103800,239000012,41038101,5
경기시내,진흥고속,4103800,239000013,41038124,31-7
경기시내,진흥고속,4103800,239000014,41038136,31-13
경기시내,진흥고속,4103800,239000016,41038107,32-3
경기시내,진흥고속,4103800,239000018,41038111,32-7
경기시내,진흥고속,4103800,239000024,41038129,1330-44
경기시내,진흥고속,4103800,239000027,41038112,33-1
경기시내,진흥고속,4103800,239000028,41038113,33-2
경기시내,진흥고속,4103800,239000029,41038105,31-6
경기시내,진흥고속,4103800,239000031,41038114,33-3
경기시내,진흥고속,4103800,239000032,41038116,33-5
경기시내,진흥고속,4103800,239000033,41038117,33-6
경기시내,진흥고속,4103800,239000034,41038118,33-7
경기시내,진흥고속,4103800,239000036,41038120,33-9
경기시내,진흥고속,4103800,239000037,41038137,31-9
경기시내,진흥고속,4103800,239000038,41038151,31-10
경기시내,진흥고속,4103800,239000040,41038133,31-11
경기시내,진흥고속,4103800,239000041,41038135,31-12
경기시내,진흥고속,4103800,239000042,41038141,32-8
경기시내,진흥고속,4103800,239000043,41038142,32-9
경기시내,진흥고속,4103800,239000044,41038138,32-10
경기시내,진흥고속,4103800,239000045,41038140,32-11
경기시내,진흥고속,4103800,239000046,41038143,33-10
경기시내,진흥고속,4103800,239000047,41038144,33-11
경기시내,진흥고속,4103800,239000048,41038145,33-12
경기시내,진흥고속,4103800,239000049,41038106,32-1
경기시내,진흥고속,4103800,239000055,41038170,33-13
경기시내,진흥고속,4103800,239000056,41038155,31-15
경기시내,진흥고속,4103800,239000058,41038166,33-14
경기시내,진흥고속,4103800,239000059,41038169,31-14
경기시내,진흥고속,4103800,239000062,41038165,33-16
경기시내,진흥고속,4103800,239000064,41038157,32-13
경기시내,진흥고속,4103800,239000065,41038158,32-14
경기시내,진흥고속,4103800,239000066,41038159,32-15
경기시내,진흥고속,4103800,239000068,41038161,32-17
경기시내,진흥고속,4103800,239000070,41038163,32-19
경기시내,진흥고속,4103800,239000072,41038171,32-21
경기시내,진흥고속,4103800,239000073,41038172,32-22
경기시내,진흥고속,4103800,239000076,41038175,31-16
경기시내,진흥고속,4103800,239000078,41038176,31-17
경기시내,진흥고속,4103800,239000079,41038183,32-27
경기시내,진흥고속,4103800,239000082,41038177,31-18
경기시내,진흥고속,4103800,239000083,41038182,32-26
경기시내,진흥고속,4103800,239000084,41038184,33-18
경기시내,진흥고속,4103800,239000098,41038197,33-32
경기시내,진흥고속,4103800,239000101,41038200,33-35
경기시내,진흥고속,4103800,239000102,41038201,33-36
경기시내,진흥고속,4103800,239000104,41038202,8005
경기시내,진흥고속,4103800,239000106,41038204,33-38
경기시내,진흥고속,4103800,239000110,41038127,1330-2
경기시내,진흥고속,4103800,239000111,41038130,1330-4
경기시내,진흥고속,4103800,239000112,41038208,33-40
경기시내,진흥고속,4103800,239000113,41038178,31-19
경기시내,진흥고속,4103800,239000117,41038212,33-53
경기시내,진흥고속,4103800,239000119,41038214,33-55
경기시내,진흥고속,4103800,239000120,41038215,50-1
경기시내,진흥고속,4103800,239000121,41038216,50-2
경기시내,진흥고속,4103800,239000122,41038217,50-3
경기시내,진흥고속,4103800,239000123,41038218,50-4
경기시내,진흥고속,4103800,239000124,41038219,50-5
경기시내,진흥고속,4103800,239000126,41038220,32-2
경기시내,진흥고속,4103800,239000127,41038190,33-24
경기시내,태화상운,4103900,216000001,41039006,707
경기시내,태화상운,4103900,216000002,41039007,66
경기시내,태화상운,4103900,216000003,41039003,71
경기시내,태화상운,4103900,216000004,41039002,22
경기시내,태화상운,4103900,216000005,41007103,30-7
경기시내,태화상운,4103900,216000006,41039001,125
경기시내,태화상운,4103900,216000007,41039005,123
경기시내,태화상운,4103900,216000008,41039009,71-2
경기시내,태화상운,4103900,216000009,41039101,727-1
경기시내,태화상운,4103900,216000031,41039010,727
경기시내,태화상운,4103900,216000035,41039011,71-1
경기시내,태화상운,4103900,216000062,41039012,8848
경기시내,평안운수,4104000,207000016,41040001,1
경기시내,평안운수,4104000,207000019,41040003,3
경기시내,평안운수,4104000,207000021,41040114,7
경기시내,평안운수,4104000,207000025,41040006,11
경기시내,평안운수,4104000,207000026,41040017,133
경기시내,평안운수,4104000,207000027,41040011,36
경기시내,평안운수,4104000,207000033,41040007,23
경기시내,평안운수,4104000,207000034,41040004,5
경기시내,평안운수,4104000,207000035,41040005,8
경기시내,평안운수,4104000,207000048,41040030,12-3
경기시내,평안운수,4104000,207000052,41040020,1-5
경기시내,평안운수,4104000,207000055,41040119,30-2
경기시내,평안운수,4104000,207000059,41040130,23-1
경기시내,평안운수,4104000,207000073,41040032,36(심야)
경기시내,평안운수,4104000,207000083,41040034,8-1
경기시내,평안운수,4104000,207000087,41040021,1-6
경기시내,평안운수,4104000,238000001,41040128,35
경기시내,평안운수,4104000,238000015,41040120,39
경기시내,평안운수,4104000,238000017,41040124,39-1
경기시내,평안운수,4104000,238000020,41040126,39-4
경기시내,포천교통,4104100,236000048,41041009,72
경기시내,포천교통,4104100,236000049,41041001,138
경기시내,포천교통,4104100,236000056,41041105,2-1
경기시내,포천교통,4104100,236000057,41041012,2
경기시내,포천교통,4104100,236000063,41041114,138-6
경기시내,포천교통,4104100,236000117,41041104,1
경기시내,포천교통,4104100,236000141,41041112,3
경기시내,포천교통,4104100,236000194,41041113,88
경기시내,포천교통,4104100,236000217,41041115,77
경기시내,포천교통,4104100,236000218,41041103,3-1
경기시내,포천상운,4104200,236000001,41042105,56-1
경기시내,포천상운,4104200,236000009,41042111,56-7
경기시내,포천상운,4104200,236000012,41042004,53
경기시내,포천상운,4104200,236000013,41042101,55
경기시내,포천상운,4104200,236000015,41042012,63
경기시내,포천상운,4104200,236000019,41042005,57-1
경기시내,포천상운,4104200,236000023,41042028,73
경기시내,포천상운,4104200,236000025,41042116,60-1
경기시내,포천상운,4104200,236000039,41042008,60
경기시내,포천상운,4104200,236000040,41042104,55-2
경기시내,포천상운,4104200,236000041,41042020,56
경기시내,포천상운,4104200,236000044,41042021,62
경기시내,포천상운,4104200,236000046,41042014,57
경기시내,포천상운,4104200,236000145,41042177,68
경기시내,포천상운,4104200,236000146,41042176,67
경기시내,포천상운,4104200,236000182,41042187,75
경기시내,포천상운,4104200,236000196,41042190,87-1
경기시내,포천상운,4104200,236000197,41042192,87-3
경기시내,포천상운,4104200,236000198,41042193,87-5
경기시내,포천상운,4104200,236000199,41042191,87-2
경기시내,포천상운,4104200,236000200,41042196,89-1
경기시내,포천상운,4104200,236000201,41042195,89-2
경기시내,포천상운,4104200,236000202,41042194,89
경기시내,포천상운,4104200,236000204,41042197,87-4
경기시내,포천상운,4104200,236000208,41042200,86
경기시내,포천상운,4104200,236000209,41042201,86-1
경기시내,포천상운,4104200,236000210,41042129,73-1
경기시내,포천상운,4104200,236000215,41042113,60-2
경기시내,포천상운,4104200,236000216,41042130,73-2
경기시내,협진여객,4104400,214000001,41044001,2
경기시내,협진여객,4104400,214000006,41044107,2-2
경기시내,협진여객,4104400,214000014,41044003,1-1
경기시내,협진여객,4104400,214000018,41044004,20
경기시내,협진여객,4104400,214000022,41044117,50
경기시내,협진여객,4104400,214000026,41022122,100
경기시내,협진여객,4104400,214000027,41022123,100-1
경기시내,협진여객,4104400,214000028,41022124,100-2
경기시내,협진여객,4104400,214000035,41044116,96-1
경기시내,협진여객,4104400,214000036,41044102,13
경기시내,협진여객,4104400,214000038,41044014,14
경기시내,협진여객,4104400,214000039,41044108,9
경기시내,협진여객,4104400,214000042,41044106,21
경기시내,협진여객,4104400,214000043,41044115,16
경기시내,협진여객,4104400,214000046,41044109,27
경기시내,협진여객,4104400,214000047,41044110,29
경기시내,협진여객,4104400,214000048,41044114,5-1
경기시내,협진여객,4104400,214000049,41044101,3
경기시내,협진여객,4104400,214000050,41044113,36
경기시내,협진여객,4104400,214000051,41044112,35
경기시내,협진여객,4104400,214000113,41044119,17
경기시내,협진여객,4104400,214000149,41044120,22
경기시내,협진여객,4104400,214000189,41044103,9-1
경기시내,협진여객,4104400,214000194,41068201,999
경기시내,협진여객,4104400,214000241,41022139,20-1
경기시내,협진여객,4104400,214000243,41044123,14-1
경기시내,협진여객,4104400,214000246,41044124,50-9
경기시내,협진여객,4104400,214000247,41044125,9-2
경기시내,화영운수,4104500,213000002,41045005,21
경기시내,화영운수,4104500,213000003,41045008,27
경기시내,화영운수,4104500,213000004,41045004,12
경기시내,화영운수,4104500,213000005,41045007,17
경기시내,화영운수,4104500,213000006,41045009,1
경기시내,화영운수,4104500,213000007,41045003,11-1
경기시내,화영운수,4104500,213000008,41045002,11
경기시내,화영운수,4104500,213000009,41045010,39
경기시내,화영운수,4104500,213000010,41045006,22
경기시내,화영운수,4104500,213000011,41045011,11-2
경기시내,화영운수,4104500,213000012,41045013,100
경기시내,화영운수,4104500,213000014,41045014,11-3
경기시내,화영운수,4104500,213000015,41045015,3001
경기시내,화영운수,4104500,213000016,41045016,101
경기시내,화영운수,4104500,213000017,41045017,2
경기시내,화영운수,4104500,213000019,41045019,3002
경기시내,화영운수,4104500,213000025,41045020,77A
경기시내,화영운수,4104500,213000026,41045021,77B
경기시내,경기여객,4104600,221000025,41046001,96-1
경기시내,경기여객,4104600,221000032,41046015,75
경기시내,경기여객,4104600,221000033,41046016,1680
경기시내,경기여객,4104600,222000026,41005014,93
경기시내,경기여객,4104600,222000050,41005011,51
경기시내,경기여객,4104600,222000051,41005001,3
경기시내,경기여객,4104600,222000052,41005015,95
경기시내,경기여객,4104600,234000029,41005114,96
경기시내,경기여객,4104600,234000031,41002051,1115-6
경기시내,경기여객,4104600,234000050,41002019,1650
경기시내,경기여객,4104600,234000058,41002028,92
경기시내,경기여객,4104600,234000071,41005012,52
경기시내,용남버스,4105000,200000108,41050004,3003
경기시내,용남버스,4105000,200000109,41036035,7002
경기시내,용남버스,4105000,200000175,41050001,5300
경기시내,용남버스,4105000,200000193,41036124,5300-1
경기시내,용남버스,4105000,200000233,41050006,3900전
경기시내,보영운수,4105100,208000001,41021008,15
경기시내,보영운수,4105100,208000002,41021009,15-2
경기시내,보영운수,4105100,208000003,41021010,11-1
경기시내,보영운수,4105100,208000004,41021001,11-2
경기시내,보영운수,4105100,208000005,41021002,11-5
경기시내,보영운수,4105100,208000006,41021007,11-3
경기시내,보영운수,4105100,208000025,41051104,10
경기시내,보영운수,4105100,208000026,41021004,917
경기시내,보영운수,4105100,208000027,41021005,3030
경기시내,보영운수,4105100,208000029,41021104,22
경기시내,보영운수,4105100,208000031,41051109,19
경기시내,보영운수,4105100,208000032,41051106,87
경기시내,보영운수,4105100,208000033,41051107,15-1
경기시내,성광운수,4105600,210000062,41056001,20
경기시내,성광운수,4105600,210000063,41056002,27
경기시내,성광운수,4105600,210000064,41056003,19
경기시내,성광운수,4105600,210000075,41056004,98
경기시내,성광운수,4105600,210000080,41056005,98-1
경기시내,성광운수,4105600,212000005,41019003,95
경기시내,양주교통,4105700,208000064,41057026,91
경기시내,양주교통,4105700,235000002,41057008,78
경기시내,양주교통,4105700,235000004,41057007,77
경기시내,양주교통,4105700,235000006,41057002,73
경기시내,양주교통,4105700,235000007,41057006,76
경기시내,양주교통,4105700,235000011,41057005,75
경기시내,양주교통,4105700,235000014,41451001,11
경기시내,양주교통,4105700,235000017,41057001,72
경기시내,양주교통,4105700,235000019,41057015,80
경기시내,양주교통,4105700,235000021,41057016,82
경기시내,양주교통,4105700,235000022,41057017,83
경기시내,양주교통,4105700,235000023,41057003,73-1
경기시내,양주교통,4105700,235000024,41057018,83-1
경기시내,양주교통,4105700,235000025,41057019,83-2
경기시내,양주교통,4105700,235000027,41057021,73-3
경기시내,양주교통,4105700,235000028,41057022,77-1
경기시내,양주교통,4105700,235000083,41057027,91-1
경기시내,양주교통,4105700,235000084,41057028,90
경기시내,진명여객,4105900,207000018,41017013,28
경기시내,진명여객,4105900,207000037,41040103,50
경기시내,진명여객,4105900,207000039,41040013,51
경기시내,진명여객,4105900,207000041,41040109,55-1
경기시내,진명여객,4105900,207000042,41040111,55
경기시내,진명여객,4105900,207000053,41040009,31
경기시내,진명여객,4105900,235000020,41059015,118
경기시내,진명여객,4105900,235000033,41059017,50-1
경기시내,진명여객,4105900,235000034,41059016,50-2
경기시내,진명여객,4105900,235000080,41059021,19
경기시내,진명여객,4105900,235000081,41059020,19-1
경기시내,진명여객,4105900,235000085,41059022,1100
경기시내,제부여객,4106100,200000105,41061025,15
경기시내,제부여객,4106100,216000064,41007133,310
경기시내,제부여객,4106100,233000004,41037102,1004
경기시내,제부여객,4106100,233000005,41037001,330
경기시내,제부여객,4106100,233000067,41037109,1004-1
경기시내,제부여객,4106100,233000075,41037106,340
경기시내,제부여객,4106100,233000077,41037113,1000
경기시내,제부여객,4106100,233000084,41037114,330-1
경기시내,제부여객,4106100,233000117,41061018,340-1
경기시내,제부여객,4106100,233000125,41061020,1008
경기시내,제부여객,4106100,233000134,41061022,1001
경기시내,제부여객,4106100,233000140,41061024,1002
경기시내,제부여객,4106100,233000251,41061026,15-2
경기시내,제부여객,4106100,233000253,41061027,150
경기시내,부일교통소사,4106300,210000004,41063004,55
경기시내,부일교통소사,4106300,210000005,41063001,55-1
경기시내,부일교통소사,4106300,210000040,41065103,57
경기시내,부일교통소사,4106300,210000049,41065108,56-1
경기시내,부일교통소사,4106300,210000052,41063003,57-1
경기시내,부일교통작동,4106500,210000006,41065104,53
경기시내,부일교통작동,4106500,210000007,41065107,56
경기시내,평택여객,4106800,214000026,41022122,100
경기시내,평택여객,4106800,214000027,41022123,100-1
경기시내,평택여객,4106800,214000028,41022124,100-2
경기시내,평택여객,4106800,214000052,41068130,80
경기시내,평택여객,4106800,214000053,41068138,98
경기시내,평택여객,4106800,214000054,41068117,82-1
경기시내,평택여객,4106800,214000055,41068127,81-1
경기시내,평택여객,4106800,214000056,41068116,83
경기시내,평택여객,4106800,214000058,41068115,83-1
경기시내,평택여객,4106800,214000059,41068113,84-3
경기시내,평택여객,4106800,214000060,41068114,84
경기시내,평택여객,4106800,214000061,41068112,84-2
경기시내,평택여객,4106800,214000062,41068111,84-1
경기시내,평택여객,4106800,214000067,41068110,85
경기시내,평택여객,4106800,214000069,41068121,82-3
경기시내,평택여객,4106800,214000070,41068106,86
경기시내,평택여객,4106800,214000072,41068107,85-1
경기시내,평택여객,4106800,214000078,41068105,87
경기시내,평택여객,4106800,214000079,41068137,96
경기시내,평택여객,4106800,214000080,41068102,93
경기시내,평택여객,4106800,214000081,41068134,91
경기시내,평택여객,4106800,214000083,41068132,91-2
경기시내,평택여객,4106800,214000084,41068128,94-1
경기시내,평택여객,4106800,214000085,41068123,94
경기시내,평택여객,4106800,214000091,41068104,89
경기시내,평택여객,4106800,214000115,41068146,84-4
경기시내,평택여객,4106800,214000148,41068178,99
경기시내,평택여객,4106800,214000153,41068181,84-5
경기시내,평택여객,4106800,214000155,41068182,87-3
경기시내,평택여객,4106800,214000156,41068183,310
경기시내,평택여객,4106800,214000159,41068186,320-1
경기시내,평택여객,4106800,214000160,41068187,810
경기시내,평택여객,4106800,214000161,41068188,310-2
경기시내,평택여객,4106800,214000166,41068190,940
경기시내,평택여객,4106800,214000169,41068191,313
경기시내,평택여객,4106800,214000170,41068119,82-2
경기시내,평택여객,4106800,214000171,41068192,302
경기시내,평택여객,4106800,214000173,41068136,92-1
경기시내,평택여객,4106800,214000177,41068179,300
경기시내,평택여객,4106800,214000178,41068180,300-1
경기시내,평택여객,4106800,214000179,41068184,310-1
경기시내,평택여객,4106800,214000180,41068185,320
경기시내,평택여객,4106800,214000183,41068142,83-2
경기시내,평택여객,4106800,214000184,41068143,83-3
경기시내,평택여객,4106800,214000187,41068197,870
경기시내,평택여객,4106800,214000188,41068193,310-3
경기시내,평택여객,4106800,214000192,41068200,98-1
경기시내,평택여객,4106800,214000193,41068199,80-1
경기시내,평택여객,4106800,214000194,41068201,999
경기시내,평택여객,4106800,214000238,41068202,302-1
경기시내,고양교통,4107100,218000006,41071007,97
경기시내,고양교통,4107100,218000007,41071008,1001
경기시내,고양교통,4107100,218000018,41071010,88A
경기시내,고양교통,4107100,218000019,41071011,88B
경기시내,고양교통,4107100,232000003,41071004,96
경기시내,고양교통,4107100,232000004,41071001,95
경기시내,청우운수,4107200,210000041,41072005,58
경기시내,청우운수,4107200,210000042,41072001,59
경기시내,청우운수,4107200,210000043,41072002,60
경기시내,청우운수,4107200,210000057,41072003,60-1
경기시내,청우운수,4107200,210000069,41072004,59-1
경기시내,청우운수,4107200,210000072,41072006,58-1
경기시내,청우운수,4107200,210000093,41072007,77
경기시내,부일교통상동,4107300,210000009,41064103,52
경기시내,부일교통상동,4107300,210000048,41019010,15
경기시내,부일교통상동,4107300,210000061,41073005,66
경기시내,부일교통상동,4107300,210000076,41073006,96-1
경기시내,오산교통,4107400,223000008,41067005,7
경기시내,오산교통,4107400,223000010,41067024,7-5
경기시내,오산교통,4107400,223000019,41067013,71
경기시내,오산교통,4107400,223000022,41067020,21
경기시내,오산교통,4107400,223000023,41067021,22
경기시내,오산교통,4107400,223000077,41074057,31
경기시내,오산교통,4107400,223000082,41074061,111
경기시내,오산교통,4107400,223000099,41067012,8
경기시내,오산교통,4107400,223000100,41074077,202
경기시내,오산교통,4107400,223000102,41074079,202-1
경기시내,오산교통,4107400,223000105,41074080,9
경기시내,오산교통,4107400,223000107,41067110,32
경기시내,오산교통,4107400,223000109,41074083,90-1
경기시내,오산교통,4107400,223000110,41074082,90-2
경기시내,오산교통,4107400,223000127,41074900,M5532
경기시내,오산교통,4107400,223000128,41074001,11(학통)
경기시내,오산교통,4107400,223000129,41074002,12(학통)
경기시내,화성운수,4107500,223000025,41067023,77
경기시내,화성운수,4107500,223000026,41067010,50
경기시내,화성운수,4107500,223000032,41067109,701
경기시내,화성운수,4107500,223000056,41067131,708
경기시내,화성운수,4107500,223000057,41067134,72
경기시내,화성운수,4107500,223000058,41067135,73
경기시내,화성운수,4107500,223000071,41067139,78
경기시내,화성운수,4107500,233000088,41075014,333
경기시내,화성운수,4107500,233000090,41075013,3-2
경기시내,화성운수,4107500,233000093,41075011,80
경기시내,화성운수,4107500,233000104,41067136,11-1
경기시내,화성운수,4107500,233000105,41075018,79
경기시내,화성운수,4107500,233000114,41075021,709
경기시내,화성운수,4107500,233000115,41075022,709-1
경기시내,화성운수,4107500,233000122,41075028,76
경기시내,화성운수,4107500,233000128,41075031,712
경기시내,화성운수,4107500,233000130,41075017,73-1
경기시내,화성운수,4107500,233000145,41075029,702
경기시내,화성운수,4107500,233000252,41075030,710
경기시내,화성운수,4107500,233000259,41075033,81
경기시내,화성운수,4107500,233000263,41075034,2000A
경기시내,화성운수,4107500,233000264,41075035,2000B
경기시내,선진버스,4107600,218000015,41076900,M7119
경기시내,선진버스,4107600,218000107,41076018,60
경기시내,선진버스,4107600,229000021,41076014,2000
경기시내,선진버스,4107600,232000009,41011005,81
경기시내,선진버스,4107600,232000013,41076012,842
경기시내,선진버스,4107600,232000014,41011101,841
경기시내,선진버스,4107600,232000015,41011015,53
경기시내,선진버스,4107600,232000031,41011103,102
경기시내,선진버스,4107600,232000032,41011104,101
경기시내,선진버스,4107600,232000035,41011106,83
경기시내,선진버스,4107600,232000036,41011107,201
경기시내,선진버스,4107600,232000037,41011108,202
경기시내,선진버스,4107600,232000038,41011109,86
경기시내,선진버스,4107600,232000039,41011110,86-1
경기시내,선진버스,4107600,232000056,41076003,90
경기시내,선진버스,4107600,232000065,41076007,81-1
경기시내,선진버스,4107600,232000070,41076008,22
경기시내,선진버스,4107600,232000074,41076009,20
경기시내,선진버스,4107600,232000076,41076010,33
경기시내,선진버스,4107600,232000089,41076011,90-1
경기시내,선진버스,4107600,232000092,41076013,7000
경기시내,선진버스,4107600,232000095,41076017,21
경기시내,경기버스,4107700,222000002,41024007,707
경기시내,경기버스,4107700,222000005,41024023,3-1
경기시내,경기버스,4107700,222000006,41024021,71
경기시내,경기버스,4107700,222000008,41024014,88
경기시내,경기버스,4107700,222000013,41062101,23
경기시내,경기버스,4107700,222000014,41024010,73
경기시내,경기버스,4107700,222000016,41024013,7-7
경기시내,경기버스,4107700,222000019,41024011,7-4
경기시내,경기버스,4107700,222000076,41024027,7007
경기시내,경기버스,4107700,222000090,41077013,8012
경기시내,경기버스,4107700,222000096,41077015,7-8
경기시내,경기버스,4107700,222000125,41077016,74
경기시내,경기버스,4107700,222000129,41077019,7007-2
경기시내,경기버스,4107700,236000050,41023101,11
경기시내,경기운수,4107800,221000003,41002085,1000
경기시내,경기운수,4107800,222000004,41062003,202
경기시내,경기운수,4107800,222000009,41062002,9
경기시내,경기운수,4107800,222000012,41078007,202-1
경기시내,경기운수,4107800,222000017,41062102,6-1
경기시내,경기운수,4107800,222000020,41062103,6-2
경기시내,경기운수,4107800,222000075,41005127,2000
경기시내,경기운수,4107800,222000098,41062106,5-1
경기시내,경기운수,4107800,222000110,41078003,5
경기시내,경기운수,4107800,222000111,41078001,9-1
경기시내,경기운수,4107800,222000122,41078004,2000-1
경기시내,경기운수,4107800,222000128,41078005,2000-2
경기시내,경기운수,4107800,222000165,41078006,169
경기시내,경기운수,4107800,234000028,41002049,10-5
경기시내,경기운수,4107800,234001511,41002484,1000-1
경기시내,경기상운,4107900,227000001,41043001,30-5
경기시내,경기상운,4107900,227000002,41043003,81
경기시내,경기상운,4107900,227000003,41025001,30
경기시내,경기상운,4107900,227000004,41025002,30-1
경기시내,경기상운,4107900,227000005,41025003,112-5
경기시내,경기상운,4107900,227000006,41025004,30-3
경기시내,경기상운,4107900,227000015,41079001,83
경기시내,경기상운,4107900,227000016,41079002,9302
경기시내,경기상운,4107900,227000017,41079003,31
경기시내,경기상운,4107900,227000018,41079006,82
경기시내,경기상운,4107900,227000019,41079005,9303
경기시내,경기상운,4107900,227000035,41079008,33
경기시내,경기상운,4107900,227000036,41079009,87
경기시내,파주선진,4108400,229000111,41084901,M7426
경기시내,파주선진,4108400,229000112,41084902,M7625
경기시내,(주)가온누리엠,4108500,218000012,41085900,M7106
경기시내,(주)가온누리엠,4108500,218000105,41085901,M7731
경기시내,(주)화성여객,4108600,233000131,41086001,6001
경기시내,(주)화성여객,4108600,233000133,41086002,116-3
경기시내,(주)화성여객,4108600,233000135,41086005,8501
경기시내,(주)화성여객,4108600,233000136,41086004,6002
경기시내,(주)화성여객,4108600,233000141,41086009,201
경기시내,(주)화성여객,4108600,233000142,41086010,6002-1
경기시내,(주)화성여객,4108600,233000144,41086012,202
경기시내,(주)화성여객,4108600,233000254,41086013,203
경기시내,(주)화성여객,4108600,233000265,41086014,4403
경기시내,(주)화성여객,4108600,233000266,41086015,6003
경기시내,(주)화성여객,4108600,234000068,41002090,720-3
경기시내,(주)화성여객,4108600,234000314,41003015,1560
경기시내,(주)화성여객,4108600,234001568,41086008,721
경기시내,(주)화성여객,4108600,234001570,41086011,116-2
경기시내,과천여객,4108700,220000012,41087001,6
경기시내,서현운수,4108800,218000001,41088002,85
경기시내,서현운수,4108800,218000002,41088003,85-1
경기시내,서현운수,4108800,218000108,41088010,733
경기시내,서현운수,4108800,219000008,41088001,55
경기시내,서현운수,4108800,229000030,41088008,100
경기시내,서현운수,4108800,229000035,41088009,333
경기시내,서현운수,4108800,229000060,41088004,330
경기시내,서현운수,4108800,229000063,41088005,850
경기시내,코레일네트웍스,4108900,213000024,41089001,8507
경기시내,신성교통,4109100,229000102,41091900,M7111
경기시내,군포여객,4109400,225000004,41094001,100
